Open,Close,High,Low,Volume,Date
77.25,75.67,77.51,76.48,,01/31/25
76.77,76.87,77.63,76,,01/30/25
77.62,76.58,77.7,76.31,,01/29/25
77.01,77.49,78.18,76.85,,01/28/25
78.34,77.08,79,76.3,,01/27/25
77.86,78.5,78.99,77.6,,01/24/25
78.85,78.29,79.6,77.8,,01/23/25
79.39,79,79.9,78.81,,01/22/25
79.78,79.29,80.46,78.45,,01/21/25
80.98,80.15,81.23,79.42,,01/20/25
81.44,80.79,81.93,80.5,,01/17/25
82.42,81.29,82.57,80.39,,01/16/25
80.29,82.03,82.63,79.62,,01/15/25
80.92,79.92,81.15,79.87,,01/14/25
79.76,81.01,81.68,79.76,,01/13/25
77.26,79.76,80.75,77.03,,01/10/25
76.18,76.92,77.27,75.68,,01/09/25
77.3,76.16,77.89,76.04,,01/08/25
76.18,77.05,77.3,75.91,,01/07/25
76.58,76.3,77.5,75.94,,01/06/25
75.98,76.51,76.73,75.53,,01/03/25
74.93,75.93,76.55,74.72,,01/02/25
74.25,74.64,74.89,73.84,,12/31/24
73.81,73.99,74.63,73.8,,12/30/24
73.16,74.17,74.29,73.05,,12/27/24
72.96,73.58,73.81,72.79,,12/24/24
72.86,72.63,73.38,71.98,,12/23/24
72.57,72.94,73.29,72,,12/20/24
72.91,72.88,73.86,72.53,,12/19/24
73.26,73.39,74.2,72.8,,12/18/24
73.91,73.19,74.18,72.48,,12/17/24
74.6,73.91,74.6,73.7,,12/16/24
73.33,74.49,74.59,73.3,,12/13/24
73.6,73.41,74,72.42,,12/12/24
72.15,73.52,73.75,72.15,,12/11/24
71.94,72.19,72.72,71.53,,12/10/24
70.92,72.14,72.65,70.92,,12/09/24
72.12,71.12,72.19,70.85,,12/06/24
72.52,72.09,72.92,71.8,,12/05/24
73.62,72.31,74.28,72.25,,12/04/24
71.93,73.62,73.93,71.68,,12/03/24
72,71.83,72.89,71.52,,12/02/24
73.11,71.84,73.47,72.56,,11/29/24
72.87,73.28,73.49,72.38,,11/28/24
72.88,72.83,73.37,72.27,,11/27/24
72.85,72.81,74.36,72.09,,11/26/24
75.38,73.01,75.38,72.84,,11/25/24
74.29,75.17,75.41,73.43,,11/22/24
73.1,74.23,74.4,72.91,,11/21/24
73.38,72.81,73.94,72.7,,11/20/24
73.15,73.31,73.87,72.61,,11/19/24
70.8,73.3,73.47,70.7,,11/18/24
72.28,71.04,72.49,70.83,,11/15/24
72.12,72.56,73.22,71.79,,11/14/24
71.78,72.28,72.63,70.72,,11/13/24
71.97,71.89,72.82,71.55,,11/12/24
73.85,71.83,74.13,71.57,,11/11/24
75.55,73.87,75.61,73.44,,11/08/24
74.99,75.63,76.08,74.02,,11/07/24
75.3,74.92,75.98,73.34,,11/06/24
75,75.53,76.24,74.9,,11/05/24
74,75.08,75.4,73.88,,11/04/24
0,73.1,74.94,72.89,,11/01/24
72.85,72.81,73.38,72.2,,10/31/24
71.39,72.55,73.12,71.08,,10/30/24
71.39,71.12,71.4,71.35,,10/29/24
72,71.42,72,71.97,,10/28/24
74.66,76.05,76.14,74.17,,10/25/24
75.35,74.38,76.54,74,,10/24/24
75.73,74.96,76.05,74.42,,10/23/24
74.23,76.04,76.32,73.57,,10/22/24
73.11,74.29,74.57,72.8,,10/21/24
74.59,73.06,74.95,72.5,,10/18/24
74.47,74.45,74.92,73.26,,10/17/24
74.71,74.22,74.93,73.42,,10/16/24
75.22,74.25,75.57,73.34,,10/15/24
78.55,77.46,78.55,74.86,,10/14/24
79.14,79.04,79.5,78.04,,10/11/24
76.76,79.4,79.72,76.72,,10/10/24
77.49,76.58,78.02,75.15,,10/09/24
80.96,77.18,81.14,76.36,,10/08/24
78.07,80.93,81.16,77.23,,10/07/24
77.79,78.05,79.3,77.39,,10/04/24
74.59,77.62,77.99,74.31,,10/03/24
74.47,73.9,76.14,73.59,,10/02/24
71.85,73.56,75.45,69.91,,10/01/24
72.5,71.7,73.17,71.26,,09/30/24
71.42,71.98,72.45,70.91,,09/27/24
73.4,71.6,73.8,70.72,,09/26/24
75.18,73.46,75.35,73.06,,09/25/24
74.13,75.17,75.87,73.95,,09/24/24
74.71,73.9,75.17,73.1,,09/23/24
74.77,74.49,75,74,,09/20/24
73.13,74.88,75.18,72.91,,09/19/24
73.69,73.65,74.1,72.31,,09/18/24
72.91,73.7,74.28,72.17,,09/17/24
72.09,72.75,73.39,71.52,,09/16/24
72.3,71.61,73.24,71.46,,09/13/24
70.6,71.97,72.87,70.59,,09/12/24
69.68,70.61,71.09,69,,09/11/24
71.92,69.19,72.28,68.68,,09/10/24
71.66,71.84,72.21,70.65,,09/09/24
72.81,71.06,73.53,70.61,,09/06/24
72.76,72.69,74.2,72.37,,09/05/24
73.67,72.7,74.8,72.35,,09/04/24
77.16,73.75,77.55,73.51,,09/03/24
76.95,77.52,77.63,76.21,,09/02/24
79.92,76.93,80.6,78.57,,08/30/24
78.52,79.94,80.78,78.12,,08/29/24
79.87,78.65,80.01,77.95,,08/28/24
81.26,79.55,81.59,79.47,,08/27/24
79.35,81.43,81.58,79.24,,08/26/24
77.25,79.02,79.27,77.03,,08/23/24
75.96,77.22,77.7,75.77,,08/22/24
77.13,76.05,78.21,75.65,,08/21/24
77.66,77.2,78.35,76.55,,08/20/24
79.6,77.66,79.81,77.48,,08/19/24
80.86,79.68,81.02,78.62,,08/16/24
79.96,81.04,81.43,79.61,,08/15/24
81,79.76,81.44,79.6,,08/14/24
81.88,80.69,82.3,80.55,,08/13/24
79.56,82.3,82.4,79.46,,08/12/24
79.03,79.66,79.83,78.77,,08/09/24
78.55,79.16,79.37,77.63,,08/08/24
76.16,78.33,78.87,75.95,,08/07/24
77.45,76.48,77.85,75.58,,08/06/24
77.61,76.3,77.74,75.05,,08/05/24
79.98,76.81,80.46,76.42,,08/02/24
81.44,79.52,81.8,79.43,,08/01/24
79.02,80.72,80.95,79.02,,07/31/24
79.64,78.63,79.99,78.43,,07/30/24
81.3,79.78,81.74,79.36,,07/29/24
82.4,81.13,82.71,80.33,,07/26/24
81.58,82.37,82.53,80.09,,07/25/24
81.46,81.71,82.23,80.93,,07/24/24
82.25,81.01,82.79,80.51,,07/23/24
82.8,82.4,83.22,81.6,,07/22/24
84.72,82.63,85.35,82.56,,07/19/24
85.23,85.11,85.81,84.22,,07/18/24
83.66,85.08,85.2,83.43,,07/17/24
84.78,83.73,84.86,83.3,,07/16/24
85.1,84.85,85.37,84.42,,07/15/24
85.69,85.03,86.35,84.95,,07/12/24
85.45,85.4,85.89,84.64,,07/11/24
84.92,85.08,85.66,84,,07/10/24
85.67,84.66,85.85,84.53,,07/09/24
86.74,85.75,86.92,85.56,,07/08/24
87.45,86.54,87.95,86.49,,07/05/24
87.09,87.43,87.59,86.51,,07/04/24
86.44,87.34,87.39,85.89,,07/03/24
86.71,86.24,87.46,86.16,,07/02/24
84.9,86.6,86.88,84.85,,07/01/24
86.56,85,87.22,86.24,,06/28/24
85.01,86.39,86.5,84.88,,06/27/24
84.89,85.25,85.81,84.47,,06/26/24
86.06,85.01,86.23,84.74,,06/25/24
84.99,86.01,86.16,84.71,,06/24/24
85.66,85.24,86.24,84.84,,06/21/24
85.19,85.71,85.96,84.95,,06/20/24
85.4,85.07,85.84,84.9,,06/19/24
84.31,85.33,85.49,83.67,,06/18/24
82.61,84.25,84.55,82.1,,06/17/24
82.05,82.62,83.39,81.92,,06/14/24
82.42,82.75,83.05,81.8,,06/13/24
82.08,82.6,83.34,81.96,,06/12/24
81.97,81.92,82.36,81.19,,06/11/24
79.38,81.63,82.17,79.34,,06/10/24
80.05,79.62,80.38,79.32,,06/07/24
78.7,79.87,80.08,78.38,,06/06/24
77.29,78.41,78.66,77.18,,06/05/24
78.14,77.52,78.22,76.76,,06/04/24
81.15,78.36,81.65,78.09,,06/03/24
81.74,81.11,82.18,81.17,,05/31/24
83.51,81.86,83.77,81.8,,05/30/24
84.61,83.6,85.02,83.29,,05/29/24
83,84.22,84.62,83,,05/28/24
82.2,83.1,83.2,82.08,,05/27/24
81.4,82.12,82.46,80.65,,05/24/24
81.59,81.36,82.97,80.93,,05/23/24
82.58,81.9,82.63,81.57,,05/22/24
83.75,82.88,83.76,82.04,,05/21/24
83.98,83.71,84.49,83.11,,05/20/24
83.43,83.98,84.04,83.08,,05/17/24
83.03,83.27,83.78,82.31,,05/16/24
82.76,82.75,83.07,81.05,,05/15/24
83.41,82.38,83.62,82.1,,05/14/24
82.78,83.36,83.84,82.26,,05/13/24
84.21,82.79,84.53,82.7,,05/10/24
83.79,83.88,84.33,83.45,,05/09/24
83.02,83.58,83.82,81.71,,05/08/24
83.72,83.16,83.88,82.41,,05/07/24
82.99,83.33,83.83,82.77,,05/06/24
83.9,82.96,84.39,82.78,,05/03/24
83.59,83.67,84.44,83.05,,05/02/24
85.8,83.44,85.89,83.29,,05/01/24
88.41,87.86,88.79,87.46,,04/30/24
89.22,88.4,89.29,88.11,,04/29/24
89.23,89.5,89.83,88.78,,04/26/24
87.89,89.01,89.31,87.31,,04/25/24
88.45,88.02,88.86,87.65,,04/24/24
87.2,88.42,88.51,86.03,,04/23/24
87.07,87,87.26,85.79,,04/22/24
87.04,87.29,90.75,86.19,,04/19/24
87.42,87.11,87.8,86.09,,04/18/24
90.11,87.29,90.17,87.13,,04/17/24
90.43,90.02,90.84,89.41,,04/16/24
90.95,90.1,91.05,88.73,,04/15/24
90.13,90.45,92.18,90.01,,04/12/24
90.52,89.74,90.92,89.38,,04/11/24
89.55,90.48,90.71,88.83,,04/10/24
90.63,89.42,90.94,89.25,,04/09/24
90.09,90.38,91.1,88.78,,04/08/24
91.21,91.17,91.91,90.57,,04/05/24
89.48,90.65,91.3,88.72,,04/04/24
89.22,89.35,89.99,88.67,,04/03/24
87.62,88.92,89.32,87.62,,04/02/24
86.98,87.42,87.98,86.4,,04/01/24
86.41,87,87.52,86.3,,03/28/24
85.86,86.09,86.39,85.17,,03/27/24
86.81,86.25,87.06,85.8,,03/26/24
85.5,86.75,87.17,85.4,,03/25/24
85.66,85.43,86.15,85.11,,03/22/24
86.24,85.78,86.64,85.06,,03/21/24
87.15,85.95,87.35,85.59,,03/20/24
86.94,87.38,87.7,86.48,,03/19/24
85.32,86.89,87.18,85.25,,03/18/24
85.15,85.34,85.55,84.6,,03/15/24
84.04,85.42,85.69,83.98,,03/14/24
82.45,84.03,84.24,81.96,,03/13/24
82.45,81.92,83.01,81.69,,03/12/24
0,82.21,82.75,81.08,,03/11/24
83.18,82.08,83.84,81.71,,03/08/24
82.92,82.96,83.53,82.07,,03/07/24
82.01,82.96,84.05,81.85,,03/06/24
82.74,82.04,83.14,81.72,,03/05/24
83.5,82.8,84.08,82.57,,03/04/24
82.07,83.55,84.34,81.81,,03/01/24
83.23,83.62,83.9,83.05,,02/29/24
83.3,83.68,84.31,82.6,,02/28/24
82.64,83.65,83.7,82.1,,02/27/24
81.41,82.53,83.07,81,,02/26/24
83.39,81.62,83.48,81.43,,02/23/24
83.2,83.67,83.96,82.33,,02/22/24
82.5,83.03,83.17,81.66,,02/21/24
83.24,82.34,83.63,82.05,,02/20/24
83.28,83.56,83.6,82.55,,02/19/24
82.79,83.47,83.66,81.89,,02/16/24
81.42,82.86,83.25,80.72,,02/15/24
82.6,81.6,83.6,81.39,,02/14/24
82,82.77,83.24,81.96,,02/13/24
81.94,82,82.19,80.77,,02/12/24
81.72,82.19,82.45,81.21,,02/09/24
79.3,81.63,81.9,79.03,,02/08/24
78.7,79.21,79.5,78.49,,02/07/24
77.95,78.59,79.08,77.63,,02/06/24
77.9,77.99,78.33,76.62,,02/05/24
79.15,77.33,79.44,76.85,,02/02/24
80.57,78.7,81.55,78.57,,02/01/24
82.94,81.71,82.94,81.59,,01/31/24
82.62,82.87,83.3,81.34,,01/30/24
84.13,82.4,84.8,82.03,,01/29/24
82.44,83.55,83.81,81.31,,01/26/24
80.31,82.43,82.57,80.06,,01/25/24
79.56,80.04,80.73,79.05,,01/24/24
79.92,79.55,80.43,78.7,,01/23/24
78.89,80.06,80.55,77.81,,01/22/24
79.1,78.56,79.73,78.32,,01/19/24
78.15,79.1,79.3,77.33,,01/18/24
77.77,77.88,78.19,76.5,,01/17/24
78.43,78.29,79.4,77.6,,01/16/24
78.14,78.15,78.9,76.85,,01/15/24
78.75,78.29,80.75,77.96,,01/12/24
76.7,77.41,79.1,76.66,,01/11/24
77.48,76.8,78.73,76.38,,01/10/24
76.3,77.59,78.19,75.95,,01/09/24
78.7,76.12,78.95,75.26,,01/08/24
77.71,78.76,79.26,77.66,,01/05/24
78.56,77.59,79.41,76.5,,01/04/24
76.06,78.25,78.67,74.79,,01/03/24
77.39,75.89,79.06,75.6,,01/02/24
77.38,77.04,77.98,76.73,,12/29/23
79.8,78.39,79.95,78.25,,12/28/23
80.79,79.65,81.33,79.29,,12/27/23
79.04,81.07,81.72,78.76,,12/26/23
79.35,79.07,80.37,78.88,,12/22/23
79,79.39,80.13,77.81,,12/21/23
79.17,79.7,80.6,79.07,,12/20/23
78.06,79.23,79.67,77.41,,12/19/23
76.8,77.95,79.51,75.76,,12/18/23
76.66,76.55,77.23,75.29,,12/15/23
74.76,76.61,77.35,74.44,,12/14/23
73.26,74.26,74.7,72.29,,12/13/23
76.17,73.24,76.66,72.86,,12/12/23
75.73,76.03,76.5,75.01,,12/11/23
74.59,75.84,76.36,74.2,,12/08/23
74.5,74.05,75.48,73.6,,12/07/23
77.12,74.3,77.65,74.11,,12/06/23
78.1,77.2,79.09,77,,12/05/23
79.5,78.03,79.72,77.52,,12/04/23
80.67,78.88,81.54,78.75,,12/01/23
82.78,82.83,84.75,82.58,,11/30/23
81.91,83.1,83.25,80.96,,11/29/23
80.19,81.68,82.16,79.8,,11/28/23
80.4,79.98,81.17,79.13,,11/27/23
81.4,80.58,82.2,80.13,,11/24/23
81.6,81.42,81.63,80.19,,11/23/23
82.47,81.96,82.65,78.41,,11/22/23
82.13,82.45,82.54,81.43,,11/21/23
80.3,82.32,82.94,79.58,,11/20/23
77.55,80.61,80.81,77.28,,11/17/23
80.98,77.42,81.17,76.6,,11/16/23
82.39,81.18,83.04,80.79,,11/15/23
82.71,82.47,83.97,82.06,,11/14/23
81.43,82.52,82.84,80.41,,11/13/23
79.85,81.43,82.06,79.79,,11/10/23
79.7,80.01,81.48,79.44,,11/09/23
81.4,79.54,81.96,79.2,,11/08/23
85.15,81.61,85.19,81.4,,11/07/23
85.55,85.18,86.46,84.88,,11/06/23
86.92,84.89,87.8,84.56,,11/03/23
85,86.85,87.05,84.64,,11/02/23
0,84.63,87.24,84.58,,11/01/23
87.9,87.41,88.61,87.4,,10/31/23
90.07,87.45,90.15,87.2,,10/30/23
88.4,90.48,90.75,87.83,,10/27/23
89.92,87.93,90.4,87.53,,10/26/23
88.04,90.13,90.35,86.68,,10/25/23
90.47,88.07,90.68,87.35,,10/24/23
92.11,89.83,92.45,89.62,,10/23/23
93.23,92.16,93.79,91.66,,10/20/23
91.35,92.38,93.48,89.57,,10/19/23
91.25,91.5,93,90.6,,10/18/23
89.91,89.9,91,88.88,,10/17/23
90.98,89.65,91.39,89.5,,10/16/23
86.35,90.89,91,86.28,,10/13/23
85.53,86,87.64,85.18,,10/12/23
87.72,85.82,88.26,85.21,,10/11/23
88.17,87.65,88.49,86.91,,10/10/23
86.45,88.15,89,86,,10/09/23
84.49,84.58,84.95,83.44,,10/06/23
85.88,84.07,86.52,83.84,,10/05/23
91.04,85.81,91.21,85.75,,10/04/23
90.4,90.92,91.56,89.5,,10/03/23
92.18,90.71,93.33,90.35,,10/02/23
95.07,92.2,96.26,94.9,,09/29/23
96.74,95.38,97.69,94.76,,09/28/23
94.12,96.55,97.06,94.1,,09/27/23
93.28,93.96,94.21,91.8,,09/26/23
93.75,93.29,94.25,92.54,,09/25/23
93.37,93.27,94.64,92.8,,09/22/23
93.08,93.3,94.6,92.2,,09/21/23
94.49,93.53,94.72,92.76,,09/20/23
94.66,94.34,95.96,94.16,,09/19/23
94.28,94.43,94.95,93.79,,09/18/23
94.02,93.93,94.63,92.67,,09/15/23
92.04,93.7,94.21,92.02,,09/14/23
92.04,91.88,92.84,91.63,,09/13/23
90.62,92.06,92.4,90.52,,09/12/23
90.83,90.64,91.45,90.11,,09/11/23
89.79,90.65,91.02,89.3,,09/08/23
90.81,89.92,90.89,89.46,,09/07/23
90.12,90.6,91.1,89.25,,09/06/23
88.91,90.04,91.15,88.06,,09/05/23
88.95,89,89.22,88.26,,09/04/23
86.82,88.55,88.99,86.74,,09/01/23
86,86.86,86.94,85.74,,08/31/23
85.62,85.86,86.23,85.11,,08/30/23
84.39,85.49,85.65,83.8,,08/29/23
84.87,84.42,85.23,84.11,,08/28/23
83.26,84.48,84.97,82.67,,08/25/23
82.95,83.36,83.62,81.97,,08/24/23
83.99,83.21,84.26,81.94,,08/23/23
84.46,84.03,84.66,83.85,,08/22/23
84.8,84.46,85.86,84.31,,08/21/23
83.88,84.8,85.08,83.33,,08/18/23
83.2,84.12,84.88,83.05,,08/17/23
85.2,83.45,85.36,83.13,,08/16/23
86.12,84.89,86.68,84.29,,08/15/23
86.53,86.21,86.71,85.5,,08/14/23
86.37,86.81,87.35,85.84,,08/11/23
87.39,86.4,88.1,86.2,,08/10/23
86,87.55,87.65,85.91,,08/09/23
85.79,86.17,86.34,83.32,,08/08/23
86.23,85.34,86.73,85.03,,08/07/23
85.31,86.24,86.65,85.06,,08/04/23
83.46,85.14,85.41,82.36,,08/03/23
85.86,83.2,85.99,82.74,,08/02/23
85.24,84.91,85.91,84.21,,08/01/23
84.95,85.56,85.8,84.4,,07/31/23
83.71,84.99,85.09,83.22,,07/28/23
82.93,84.24,84.5,82.93,,07/27/23
83.19,82.92,83.85,82.58,,07/26/23
82.85,83.64,83.87,82.22,,07/25/23
80.95,82.74,83.16,80.42,,07/24/23
79.78,81.07,81.24,79.65,,07/21/23
79.33,79.64,80.27,78.66,,07/20/23
79.84,79.46,80.93,79.17,,07/19/23
78.52,79.63,79.99,78.19,,07/18/23
79.36,78.5,80.64,78.25,,07/17/23
81.64,79.87,81.7,79.53,,07/14/23
80.19,81.36,81.75,79.88,,07/13/23
79.32,80.11,80.55,79.21,,07/12/23
77.82,79.4,79.5,77.63,,07/11/23
78.6,77.69,78.77,77.36,,07/10/23
76.52,78.47,78.54,76.03,,07/07/23
76.7,76.52,77.09,75.03,,07/06/23
76.03,76.65,76.95,75.3,,07/05/23
74.89,76.25,76.29,74.74,,07/04/23
75.11,74.65,76.6,74.56,,07/03/23
74.22,75.41,75.4,74.21,,06/30/23
73.72,74.34,74.98,73.39,,06/29/23
72.62,74.03,74.2,71.57,,06/28/23
74.28,72.26,74.9,72.08,,06/27/23
0,74.18,0,0,,06/26/23
74.02,73.85,74.44,72.11,,06/23/23
77.03,74.14,77.2,73.59,,06/22/23
75.54,77.12,77.24,75.52,,06/21/23
76.12,75.9,77.15,74.51,,06/20/23
76.4,76.09,76.93,75.34,,06/19/23
75.64,76.61,76.74,75.08,,06/16/23
73.41,75.67,75.97,72.91,,06/15/23
74.05,73.2,75.49,73.03,,06/14/23
72.11,74.29,74.66,71.94,,06/13/23
74.87,71.84,74.87,71.58,,06/12/23
75.53,74.79,76.57,74.71,,06/09/23
76.8,75.96,77.68,73.58,,06/08/23
76.22,76.95,77.64,75.51,,06/07/23
76.55,76.29,76.75,74.72,,06/06/23
77.68,76.71,78.73,76.31,,06/05/23
74.28,76.13,76.5,74.18,,06/02/23
72.15,74.28,75.25,72.03,,06/01/23
73.6,72.66,73.81,71.39,,05/31/23
76.98,73.54,77.57,73.2,,05/30/23
77.39,77.07,77.75,76.15,,05/29/23
76.09,76.95,77.35,75.73,,05/26/23
78.22,76.26,78.5,75.1,,05/25/23
77.7,78.36,78.66,77.03,,05/24/23
76.15,76.84,77.74,75.65,,05/23/23
75.63,75.99,76.46,74.55,,05/22/23
76.03,75.58,77.5,75.12,,05/19/23
76.78,75.86,76.99,75.5,,05/18/23
74.67,76.96,77.31,74.1,,05/17/23
75.55,74.91,75.95,74.5,,05/16/23
74.15,75.23,75.75,73.49,,05/15/23
75.35,74.17,75.85,74.03,,05/12/23
76.62,74.98,77.41,74.61,,05/11/23
77.36,76.41,77.6,75.68,,05/10/23
76.71,77.44,77.5,75.07,,05/09/23
75.23,77.01,77.43,74.95,,05/08/23
72.69,75.3,75.75,72.41,,05/05/23
71.28,72.5,73.72,71.28,,05/04/23
75.31,72.33,75.58,71.7,,05/03/23
79.28,75.32,79.78,75.07,,05/02/23
80.11,79.31,80.24,78.13,,05/01/23
78.25,80.33,79.61,77.69,,04/28/23
77.77,78.37,78.61,77.39,,04/27/23
80.92,77.69,81.47,77.46,,04/26/23
82.59,80.77,83.06,80.35,,04/25/23
81.87,82.73,82.99,80.48,,04/24/23
80.79,81.66,82.05,80.45,,04/21/23
82.75,81.1,82.92,80.77,,04/20/23
84.9,83.12,85.15,82.39,,04/19/23
84.74,84.77,85.41,83.81,,04/18/23
86.43,84.76,86.52,84.34,,04/17/23
86.18,86.31,86.87,85.53,,04/14/23
87.19,86.09,87.47,86.05,,04/13/23
85.59,87.33,87.49,85.39,,04/12/23
84.24,85.61,85.67,83.75,,04/11/23
85.1,84.18,85.66,84.09,,04/10/23
84.89,85.12,85.45,84.05,,04/06/23
85.22,84.99,85.54,84.01,,04/05/23
0,84.94,0,0,,04/04/23
86,84.93,86.44,83.5,,04/03/23
79.19,79.77,79.8,78.54,,03/31/23
78.23,79.27,79.55,77.86,,03/30/23
78.97,78.28,79.68,77.94,,03/29/23
78.23,78.65,79.2,77.54,,03/28/23
75,78.12,78.42,74.8,,03/27/23
75.53,74.99,76.32,72.68,,03/24/23
75.87,75.91,77.44,75.12,,03/23/23
75.15,76.69,77.12,74.5,,03/22/23
73.64,75.32,75.42,72.82,,03/21/23
73.01,73.79,73.87,70.12,,03/20/23
74.7,72.97,75.92,71.4,,03/17/23
74.3,74.7,75.54,71.86,,03/16/23
77.82,73.69,78.73,71.67,,03/15/23
80.54,77.45,80.92,76.89,,03/14/23
82.6,80.77,83.48,78.34,,03/13/23
81.47,82.78,83.11,80.73,,03/10/23
82.55,81.59,84,81.42,,03/09/23
83.03,82.66,83.59,82.06,,03/08/23
86.23,83.29,86.75,82.83,,03/07/23
85.83,86.18,86.35,84.34,,03/06/23
84.61,85.83,86,82.36,,03/03/23
84.31,84.75,85.1,83.83,,03/02/23
83.05,84.31,84.49,82.61,,03/01/23
82.3,83.89,84.15,82.19,,02/28/23
83.19,82.45,83.6,81.73,,02/27/23
82.49,83.16,83.39,81.07,,02/24/23
80.48,82.21,82.77,80.4,,02/23/23
82.78,80.6,83.25,80.43,,02/22/23
83.86,83.05,84.2,82.56,,02/21/23
83.15,84.07,84.3,82.73,,02/20/23
84.6,83,84.87,81.8,,02/17/23
85.27,85.14,86.21,84.6,,02/16/23
85.2,85.38,85.85,83.88,,02/15/23
85.83,85.58,86.42,84.13,,02/14/23
86.51,86.61,86.95,85.1,,02/13/23
84.22,86.39,86.9,83.93,,02/10/23
84.96,84.5,85.5,83.05,,02/09/23
84.11,85.09,85.15,83.51,,02/08/23
81.26,83.69,84.13,81.19,,02/07/23
79.61,80.99,81.43,79.1,,02/06/23
82.27,79.94,84.2,79.62,,02/03/23
83.34,82.17,83.61,81.25,,02/02/23
85.56,82.84,86.21,82.37,,02/01/23
85.18,84.49,85.25,83.73,,01/31/23
86.88,84.9,87.48,84.66,,01/30/23
87.65,86.66,88.95,85.69,,01/27/23
86.35,87.47,88.01,85.74,,01/26/23
86.28,86.12,87,85.41,,01/25/23
88.07,86.13,88.71,85.8,,01/24/23
87.7,88.19,89.09,86.92,,01/23/23
86.42,87.63,87.79,85.58,,01/20/23
84.34,86.16,86.85,83.76,,01/19/23
86.45,84.98,87.85,84.36,,01/18/23
84.2,85.92,86.82,84.04,,01/17/23
85.36,84.46,85.59,83.83,,01/16/23
83.91,85.28,85.5,83.5,,01/13/23
82.88,84.03,84.62,82.37,,01/12/23
79.52,82.67,83,79.31,,01/11/23
79.54,80.1,80.89,78.81,,01/10/23
78.42,79.65,81.37,78.42,,01/09/23
78.8,78.57,80.59,78.05,,01/06/23
78.16,78.69,79.97,77.61,,01/05/23
82.31,77.84,82.72,77.72,,01/04/23
85.96,82.1,87,81.78,,01/03/23
0,85.91,0,0,,01/02/23
83.71,85.91,86,82.88,,12/30/22
82.88,82.26,83.14,81.28,,12/29/22
84.6,83.26,84.76,81.92,,12/28/22
84.5,84.33,85.6,83.65,,12/27/22
81.69,83.92,84.12,81.29,,12/23/22
82.52,80.98,83.85,80.67,,12/22/22
79.94,82.2,82.52,79.55,,12/21/22
80.25,79.99,80.89,78.28,,12/20/22
79.21,79.8,80.87,78.6,,12/19/22
81.32,79.04,81.78,78.29,,12/16/22
82.76,81.21,83.18,80.83,,12/15/22
80.35,82.7,83.15,80.11,,12/14/22
78.13,80.68,81.28,78.1,,12/13/22
76.88,77.99,78.59,75.26,,12/12/22
76.63,76.1,77.48,75.11,,12/09/22
77.46,76.15,79.17,75.74,,12/08/22
79.76,77.17,80.49,76.91,,12/07/22
83.28,79.35,83.69,78.7,,12/06/22
85.73,82.68,88.44,82.52,,12/05/22
86.9,85.57,87.91,85.16,,12/02/22
86.78,86.88,89.37,86.26,,12/01/22
83.77,85.43,85.67,83.61,,11/30/22
82.41,83.03,86,82.39,,11/29/22
83.58,83.19,84.1,80.61,,11/28/22
85.5,83.63,86.87,83.59,,11/25/22
85.04,85.34,85.54,83.9,,11/24/22
88.47,85.41,89.56,84.12,,11/23/22
87.76,88.36,89.9,87.35,,11/22/22
87.74,87.45,87.98,82.31,,11/21/22
90.1,87.62,90.63,85.8,,11/18/22
92.73,89.78,92.91,89.53,,11/17/22
94.11,92.86,94.79,91.67,,11/16/22
92.59,93.86,95.77,91.53,,11/15/22
95.87,93.14,96.95,92.5,,11/14/22
93.84,95.99,96.92,93.69,,11/11/22
92.53,93.67,94.32,91.73,,11/10/22
95.17,92.65,95.65,92.33,,11/09/22
98.24,95.36,98.3,95,,11/08/22
97.31,97.92,99.56,96.5,,11/07/22
94.58,98.57,98.81,94.33,,11/04/22
95.36,94.67,95.98,94.19,,11/03/22
94.85,96.16,96.5,94.01,,11/02/22
0,94.65,95.55,0,,11/01/22
96.47,94.83,96.47,94.25,,10/31/22
96.58,95.77,96.89,94.96,,10/28/22
96.05,96.96,97.27,95.07,,10/27/22
92.91,95.69,96.25,92.06,,10/26/22
93.47,93.52,94.38,91.62,,10/25/22
93.59,93.26,94.4,91.22,,10/24/22
92.45,93.5,93.8,91,,10/21/22
92.4,92.38,94.77,91.91,,10/20/22
90.79,92.41,92.85,89.32,,10/19/22
91.99,90.03,92.66,88.77,,10/18/22
91.71,91.62,93.21,90.83,,10/17/22
94.53,91.63,95.11,91.28,,10/14/22
92.49,94.57,94.92,91.08,,10/13/22
93.72,92.45,95.17,91.56,,10/12/22
95.93,94.29,96.46,93.11,,10/11/22
98.75,96.19,98.75,95.6,,10/10/22
94.71,97.92,98.58,93.94,,10/07/22
93.71,94.42,94.98,92.72,,10/06/22
91.89,93.37,93.96,90.76,,10/05/22
88.81,91.8,92.4,88.78,,10/04/22
86.35,88.86,89.82,86.35,,10/03/22
88.53,85.14,89.8,87.69,,09/30/22
88.97,88.49,90.12,87.33,,09/29/22
86.14,89.32,89.47,84.26,,09/28/22
84.05,86.27,87.15,84.01,,09/27/22
86.62,84.06,87.65,83.65,,09/26/22
90.46,86.15,90.84,85.5,,09/23/22
89.99,90.46,92.81,89.3,,09/22/22
90.74,89.83,93.5,89.3,,09/21/22
92.15,90.62,93.05,89.8,,09/20/22
91.43,92,92.57,88.5,,09/19/22
90.51,91.35,92.66,90.25,,09/16/22
94.65,90.84,94.66,90.03,,09/15/22
93.4,94.1,95.8,91.93,,09/14/22
94.31,93.17,95.53,91.05,,09/13/22
92.54,94,95.17,91.21,,09/12/22
88.62,92.84,93.12,88.6,,09/09/22
87.7,89.15,89.83,87.24,,09/08/22
92.81,88,93.8,87.4,,09/07/22
95.19,92.83,95.94,92.3,,09/06/22
92.66,93.02,95.32,92.65,,09/02/22
95.18,92.36,95.68,91.81,,09/01/22
99.79,96.49,100.46,95.44,,08/31/22
104.9,99.31,105.45,97.55,,08/30/22
100.67,105.09,105.48,100.16,,08/29/22
99.83,100.99,101.21,98.1,,08/26/22
101.73,99.34,102.47,99.12,,08/25/22
100.19,101.22,101.9,99.1,,08/24/22
96.78,100.22,100.45,96.53,,08/23/22
95.95,96.48,97.28,92.36,,08/22/22
96.68,96.72,97.88,94.25,,08/19/22
93.29,96.59,97.42,93.05,,08/18/22
92.67,93.65,94.48,91.51,,08/17/22
94.01,92.34,95.95,91.71,,08/16/22
97.72,95.1,98.17,92.78,,08/15/22
99.33,98.15,100.38,96.94,,08/12/22
97.04,99.6,100.17,96.63,,08/11/22
96.34,97.4,97.97,93.63,,08/10/22
96.36,96.31,98.4,94.9,,08/09/22
94.51,96.65,96.82,93.01,,08/08/22
93.65,94.92,96.4,92.78,,08/05/22
97.1,94.12,97.66,93.2,,08/04/22
99.73,96.78,102.41,96.5,,08/03/22
99.87,100.54,102.41,98.49,,08/02/22
103.92,100.03,104.43,99.09,,08/01/22
108,103.97,110.67,106.9,,07/29/22
107.31,107.14,109.06,106,,07/28/22
104.75,106.62,107.86,103.73,,07/27/22
104.73,104.4,107.34,103.99,,07/26/22
103.85,105.15,105.38,101.64,,07/25/22
103.86,103.2,105.72,101.9,,07/22/22
106.49,103.86,106.78,101.5,,07/21/22
107.07,106.92,107.45,105.08,,07/20/22
105.74,107.35,107.61,103.6,,07/19/22
100.82,106.27,106.48,99.46,,07/18/22
99.91,101.16,102.64,98.17,,07/15/22
99.43,99.1,100.39,94.5,,07/14/22
98.5,99.57,101.21,98.28,,07/13/22
106.25,99.49,106.56,98.9,,07/12/22
107,107.1,107.7,103.64,,07/11/22
104.65,107.02,107.47,103.67,,07/08/22
100.14,104.65,106.35,98.5,,07/07/22
104.88,100.69,105.85,98.5,,07/06/22
113.54,102.77,114.75,101.1,,07/05/22
111.65,113.5,114,110.4,,07/04/22
109.49,111.63,112.45,108.03,,07/01/22
116.01,114.81,116.67,114.22,,06/30/22
117.96,116.26,120.41,115.2,,06/29/22
115.74,117.98,118.27,115.72,,06/28/22
112.92,115.09,116.08,111.26,,06/27/22
110.04,113.12,114,109.24,,06/24/22
109.58,110.05,112.7,108.04,,06/23/22
114.4,111.74,114.45,107.03,,06/22/22
114.21,114.65,116.25,114.02,,06/21/22
113.88,114.13,114.5,111.52,,06/20/22
119.13,113.12,121.25,111.72,,06/17/22
119.65,119.81,120.29,115.56,,06/16/22
120.79,118.51,121.88,117.75,,06/15/22
121.88,121.17,125.19,118.91,,06/14/22
121.94,122.27,123.7,118.93,,06/13/22
122.89,122.01,124.33,119.81,,06/10/22
123.6,123.07,124.34,122.5,,06/09/22
120.65,123.58,124.4,120.45,,06/08/22
119.94,120.57,121.37,118.55,,06/07/22
121.55,119.51,121.95,118.77,,06/06/22
118.22,119.72,121.45,116.02,,06/03/22
115.02,117.61,118.46,112.45,,06/02/22
116.08,116.29,118.57,115.4,,06/01/22
122.2,122.84,125.28,121.6,,05/31/22
119.28,121.67,122.01,118.98,,05/30/22
117.52,119.43,119.72,116.63,,05/27/22
114.35,117.4,118,113.85,,05/26/22
114.12,114.03,115.3,113.01,,05/25/22
112.79,113.56,114.63,111.7,,05/24/22
112.85,113.42,114.34,111.86,,05/23/22
111.45,112.55,114.34,111.97,,05/20/22
108.22,112.04,112.31,105.7,,05/19/22
112.91,109.11,114.15,108.35,,05/18/22
114.42,111.93,115.69,111.09,,05/17/22
111.67,114.24,114.79,108.84,,05/16/22
108.25,111.55,111.69,107.79,,05/13/22
107.67,107.45,108.71,104.69,,05/12/22
101.51,107.51,108.29,101.3,,05/11/22
105.5,102.46,106.96,101.54,,05/10/22
112.94,105.94,113.2,105,,05/09/22
111.27,112.39,113.5,109.87,,05/06/22
110.55,110.9,114,109.2,,05/05/22
105.91,110.14,111,105.46,,05/04/22
107.61,104.97,108.32,104.62,,05/03/22
106.3,107.58,108.46,103.1,,05/02/22
107.55,107.14,110.3,107,,04/29/22
104.96,107.59,108,103.29,,04/28/22
105.45,105.32,106.33,103.27,,04/27/22
102.53,104.99,106.2,101.08,,04/26/22
105.49,102.32,105.85,99.48,,04/25/22
108.26,106.65,108.76,105.54,,04/22/22
107.07,108.33,109.8,106.76,,04/21/22
108.1,106.8,109,104.65,,04/20/22
112.85,107.25,114.21,106.74,,04/19/22
112.32,113.16,114.84,110.71,,04/18/22
108.29,111.7,112.39,106.63,,04/14/22
105.44,108.78,109,104.06,,04/13/22
99.35,104.64,105.6,98.9,,04/12/22
103.21,98.48,103.3,97.57,,04/11/22
101.42,102.78,103.3,99.65,,04/08/22
101.78,100.58,103.59,98.41,,04/07/22
105.7,101.07,108.67,100.54,,04/06/22
108.51,106.64,109.9,104.53,,04/05/22
104.08,107.53,108.68,102.89,,04/04/22
105.25,104.39,106.24,102.35,,04/01/22
112.81,107.91,112.94,106.5,,03/31/22
112,113.45,114.8,110.74,,03/30/22
110.1,110.23,114.83,104.84,,03/29/22
119.9,112.48,119.9,109.06,,03/28/22
118.88,120.65,120.92,115.16,,03/25/22
121.56,119.03,123.74,116.93,,03/24/22
114.7,121.6,122.34,114.45,,03/23/22
117.04,115.48,119.48,112.64,,03/22/22
107.5,115.62,116.8,107.06,,03/21/22
106.8,107.93,109.59,105.78,,03/18/22
98.61,106.64,107.5,97.75,,03/17/22
99.14,98.02,103.7,96.93,,03/16/22
105.34,99.91,105.71,97.44,,03/15/22
113.15,106.9,113.15,103.49,,03/14/22
110.26,112.67,113.91,107.13,,03/11/22
112.65,109.33,118.36,109,,03/10/22
130.28,111.14,131.64,105.6,,03/09/22
124.56,127.98,133.15,121.31,,03/08/22
122.79,123.21,139.13,119.04,,03/07/22
114.23,118.11,118.98,109.62,,03/04/22
115.27,110.46,119.84,109.4,,03/03/22
107.34,112.93,115.11,106.83,,03/02/22
98.43,104.97,107.67,98.3,,03/01/22
101.98,100.99,105.07,99.64,,02/28/22
100.69,97.93,101.99,96,,02/25/22
98.08,99.08,105.79,97.56,,02/24/22
96.65,96.84,98.71,95.81,,02/23/22
96.55,96.84,99.5,95.8,,02/22/22
94.29,95.39,97.4,92.57,,02/21/22
92.73,93.54,94.15,90.12,,02/18/22
92.2,92.97,94.5,92.14,,02/17/22
93.49,94.81,96.07,91.11,,02/16/22
95.81,93.28,96.26,92.06,,02/15/22
95.2,96.48,96.78,93.44,,02/14/22
91.17,94.44,95.66,90.51,,02/11/22
91.75,91.41,93.1,90.88,,02/10/22
91.08,91.55,92.09,90.05,,02/09/22
92.63,90.78,92.93,89.93,,02/08/22
92.75,92.69,94,92.13,,02/07/22
91.3,93.27,93.7,91.2,,02/04/22
89.07,91.11,91.3,88.02,,02/03/22
89.48,89.47,90.52,88.28,,02/02/22
89.62,89.16,89.96,87.72,,02/01/22
90.8,91.21,91.48,90.61,,01/31/22
89.98,90.03,91.7,89.41,,01/28/22
89.7,89.34,91.04,89,,01/27/22
87.95,89.96,90.47,87.79,,01/26/22
86.76,88.2,88.37,86.2,,01/25/22
87.93,86.27,88.9,85.04,,01/24/22
86.75,87.89,88.23,85.71,,01/21/22
87.89,88.38,89.5,87.05,,01/20/22
88.65,88.44,89.17,87.61,,01/19/22
86.47,87.51,88.66,86.44,,01/18/22
86.15,86.48,86.71,85.54,,01/17/22
84.12,86.06,86.5,83.99,,01/14/22
84.87,84.47,85.1,83.79,,01/13/22
83.78,84.67,85.21,83.52,,01/12/22
81.08,83.72,83.98,80.89,,01/11/22
81.76,80.87,82.3,80.5,,01/10/22
82,81.75,83,81.42,,01/07/22
80.22,81.99,82.83,79.61,,01/06/22
80.07,80.8,81.5,79.51,,01/05/22
78.91,80,80.55,78.62,,01/04/22
78.11,78.98,79.28,77.04,,01/03/22
78.81,77.78,79.68,77.55,,12/31/21
79.19,79.32,79.66,78.5,,12/30/21
79.28,79.23,80.17,78.13,,12/29/21
78.67,78.94,79.85,78.48,,12/28/21
76.32,78.6,79.08,75.75,,12/27/21
76.72,76.14,76.79,75.75,,12/24/21
75.47,76.85,77,74.78,,12/23/21
74.05,75.29,75.67,73.62,,12/22/21
71.88,73.98,74.27,71.24,,12/21/21
72.82,71.52,72.87,69.28,,12/20/21
74.5,73.52,74.98,72.65,,12/17/21
74.47,75.02,75.61,74,,12/16/21
73.25,73.88,74.58,72.5,,12/15/21
74.42,73.7,75.16,72.57,,12/14/21
75.37,74.39,76.39,74.2,,12/13/21
73.99,75.15,75.71,73.8,,12/10/21
75.94,74.42,76.7,73.84,,12/09/21
75.44,75.82,76.37,74.38,,12/08/21
73.6,75.44,76.27,73.2,,12/07/21
70.24,73.08,73.8,70.24,,12/06/21
70.22,69.88,72.62,69.24,,12/03/21
69.72,69.67,70.7,65.72,,12/02/21
69.8,68.87,72.87,68.14,,12/01/21
74.42,70.57,74.56,70.22,,11/30/21
73.88,73.44,77.02,72.41,,11/29/21
81.65,72.72,81.66,72.14,,11/26/21
82.24,82.22,82.58,81.7,,11/25/21
81.88,82.25,83,81.74,,11/24/21
79.51,82.31,82.6,78.55,,11/23/21
78.58,79.7,80.07,77.58,,11/22/21
81,78.89,82.24,78.05,,11/19/21
80.1,81.24,81.41,79.28,,11/18/21
82.05,80.28,82.22,79.78,,11/17/21
82,82.43,83.14,81.52,,11/16/21
81.92,82.05,82.49,80.67,,11/15/21
82.83,82.17,82.87,81.26,,11/12/21
82.85,82.87,83.44,81.66,,11/11/21
84.99,82.64,85.5,82.08,,11/10/21
83.47,84.78,85.3,83.16,,11/09/21
82.58,83.43,84,82.53,,11/08/21
81.25,82.74,83.16,80.26,,11/05/21
81.58,80.54,84.49,80.2,,11/04/21
84.07,81.99,84.2,81.1,,11/03/21
84.45,84.72,85.23,83.76,,11/02/21
83.63,84.71,85.12,83.03,,11/01/21
84.33,83.72,84.83,83.79,,10/29/21
84.21,84.32,84.59,82.32,,10/28/21
86.07,84.58,86.28,84.05,,10/27/21
86.03,86.4,86.5,85.27,,10/26/21
85.65,85.99,86.7,85.43,,10/25/21
84.52,85.53,85.93,83.82,,10/22/21
85.9,84.61,86.1,83.36,,10/21/21
85.19,85.82,85.89,83.61,,10/20/21
84.21,85.08,85.4,83.7,,10/19/21
84.95,84.33,86.04,83.95,,10/18/21
84.3,84.86,85.1,84.16,,10/15/21
83.45,84,84.5,83.18,,10/14/21
83.1,83.18,83.69,82.2,,10/13/21
83.49,83.42,84.23,82.72,,10/12/21
82.65,83.65,84.6,82.54,,10/11/21
82.38,82.39,83.43,81.96,,10/08/21
80.98,81.95,82.5,79.08,,10/07/21
82.57,81.08,83.47,80.6,,10/06/21
81.27,82.56,83.13,81.19,,10/05/21
79.49,81.26,82,78.75,,10/04/21
78.49,79.28,79.41,77.55,,10/01/21
78.46,78.52,79.11,77.6,,09/30/21
78.25,78.64,79.4,77.5,,09/29/21
79.4,79.09,80.75,78.1,,09/28/21
78.25,79.53,79.9,78.21,,09/27/21
77.26,78.09,78.24,76.85,,09/24/21
75.9,77.25,77.35,75.6,,09/23/21
74.56,76.19,76.26,74.49,,09/22/21
74.33,74.36,75.18,73.26,,09/21/21
75.33,73.92,75.4,73.52,,09/20/21
75.68,75.34,75.78,74.58,,09/17/21
75.46,75.67,75.87,74.48,,09/16/21
73.92,75.46,76.13,73.78,,09/15/21
73.62,73.6,74.28,73.08,,09/14/21
72.88,73.51,73.92,72.69,,09/13/21
71.37,72.92,73.15,70.94,,09/10/21
72.61,71.45,73.2,70.88,,09/09/21
71.64,72.6,72.95,71.55,,09/08/21
72.29,71.69,72.81,71.1,,09/07/21
72.57,72.22,72.78,71.51,,09/06/21
72.86,72.61,73.69,72.4,,09/03/21
71.31,73.03,73.47,70.92,,09/02/21
71.68,71.59,72.38,70.42,,09/01/21
73.14,72.99,73.52,72.62,,08/31/21
71.53,72.7,72.76,71.17,,08/27/21
71.94,71.07,72.13,70.66,,08/26/21
71,72.25,72.42,70.5,,08/25/21
68.66,71.05,71.27,68.53,,08/24/21
64.97,68.75,68.9,64.6,,08/23/21
66.54,65.18,66.93,64.94,,08/20/21
67.57,66.45,67.64,65.57,,08/19/21
68.96,68.23,70.04,67.23,,08/18/21
69.77,69.03,70,68.82,,08/17/21
70.05,69.51,70.45,68.14,,08/16/21
71.12,70.59,71.38,70,,08/13/21
71.57,71.31,71.9,70.67,,08/12/21
70.83,71.44,71.72,69.07,,08/11/21
69.35,70.63,71.24,68.94,,08/10/21
70.26,69.04,70.26,67.6,,08/09/21
71.2,70.7,72.43,70.28,,08/06/21
70.27,71.29,71.5,69.75,,08/05/21
72.33,70.38,72.83,70.11,,08/04/21
73.08,72.41,73.55,71.05,,08/03/21
75.39,72.89,75.39,72.31,,08/02/21
75.81,75.41,76.38,75.38,,07/30/21
74.76,76.05,76.15,74.63,,07/29/21
74.77,74.74,75.32,74.42,,07/28/21
74.67,74.48,75.05,74.02,,07/27/21
74.12,74.5,74.84,72.75,,07/26/21
73.56,74.1,74.22,73.32,,07/23/21
72.24,73.79,73.9,71.74,,07/22/21
68.92,72.23,72.38,68.63,,07/21/21
68.99,69.35,69.73,67.44,,07/20/21
72.86,68.62,73.34,67.75,,07/19/21
73.18,73.59,74.09,72.34,,07/16/21
74.5,73.47,74.59,73.19,,07/15/21
76.28,74.76,76.72,73.79,,07/14/21
75.25,76.49,76.6,74.93,,07/13/21
75.79,75.16,75.84,74.23,,07/12/21
74.39,75.55,75.8,73.8,,07/09/21
73.35,74.12,74.4,72.11,,07/08/21
74.69,73.43,75.99,72.6,,07/07/21
77.06,74.53,77.84,74.13,,07/06/21
76.23,77.16,77.26,75.7,,07/05/21
75.64,76.17,76.43,75.21,,07/02/21
74.69,75.84,76.74,74.55,,07/01/21
75.18,75.13,75.6,74.39,,06/30/21
74.67,74.76,75.51,73.9,,06/29/21
75.99,74.68,76.6,74.51,,06/28/21
75.54,76.18,76.21,74.95,,06/25/21
75.3,75.56,75.78,74.51,,06/24/21
74.75,75.19,76.02,74.7,,06/23/21
74.88,74.81,75.3,74.32,,06/22/21
73.33,74.9,74.95,72.98,,06/21/21
73,73.51,73.76,72.18,,06/18/21
73.8,73.08,74.5,72.01,,06/17/21
74.26,74.39,74.96,73.86,,06/16/21
73.03,73.99,74.33,72.79,,06/15/21
72.7,72.86,73.64,72.59,,06/14/21
72.41,72.69,73.09,71.88,,06/11/21
72.03,72.52,72.93,70.95,,06/10/21
72.17,72.22,72.87,71.82,,06/09/21
71.42,72.22,72.42,70.71,,06/08/21
71.82,71.49,72.27,71.1,,06/07/21
71.25,71.89,72.17,70.73,,06/04/21
71.27,71.31,71.99,70.66,,06/03/21
70.55,71.35,71.48,70.35,,06/02/21
69.39,70.25,71.34,69.29,,06/01/21
68.98,69.46,69.82,68.75,,05/31/21
69.69,69.63,69.92,69.26,,05/28/21
68.78,69.46,69.51,68.11,,05/27/21
68.55,68.87,69.17,68.02,,05/26/21
68.47,68.65,68.9,67.83,,05/25/21
66.72,68.46,68.64,66.46,,05/24/21
65.22,66.44,66.94,64.57,,05/21/21
66.63,65.11,67.17,64.8,,05/20/21
68.41,66.66,68.46,65.3,,05/19/21
69.61,68.71,70.24,67.28,,05/18/21
68.92,69.46,69.62,68.18,,05/17/21
67,68.71,68.89,66.5,,05/14/21
68.88,67.05,69.04,66.48,,05/13/21
68.78,69.32,69.9,68.18,,05/12/21
68.29,68.55,68.75,67.13,,05/11/21
68.74,68.32,69.2,67.41,,05/10/21
68.26,68.28,68.65,67.39,,05/07/21
68.47,68.09,69.37,67.93,,05/06/21
69.35,68.96,69.95,68.35,,05/05/21
67.75,68.88,69.5,67.37,,05/04/21
66.7,67.56,67.82,66.1,,05/03/21
68.33,66.76,68.4,67.06,,04/30/21
67.18,68.56,68.95,67.13,,04/29/21
66.58,67.27,67.85,66.13,,04/28/21
65.76,66.42,66.8,65.66,,04/27/21
66.1,65.65,66.26,64.57,,04/26/21
65.8,66.11,66.3,65.16,,04/23/21
65.13,65.4,65.83,64.58,,04/22/21
66.22,65.32,66.52,64.96,,04/21/21
67.2,66.57,68.08,65.51,,04/20/21
66.7,67.05,67.23,66.17,,04/19/21
66.86,66.77,67.38,66.44,,04/16/21
66.38,66.94,67.03,65.95,,04/15/21
64.01,66.58,66.9,63.88,,04/14/21
63.24,63.67,64.19,63.18,,04/13/21
63.03,63.28,64.31,62.41,,04/12/21
63.28,62.95,63.49,62.57,,04/09/21
63.02,63.2,63.43,62.38,,04/08/21
62.6,63.16,63.55,61.6,,04/07/21
62.32,62.74,64.28,62.08,,04/06/21
64.57,62.15,64.81,61.25,,04/05/21
63.12,64.86,65.17,62.38,,04/01/21
64.13,63.54,64.79,63.53,,03/31/21
65.2,64.14,65.41,63.52,,03/30/21
64.58,64.98,65.46,63.13,,03/29/21
62.01,64.57,64.89,61.85,,03/26/21
63.99,61.95,64.19,60.98,,03/25/21
60.5,64.41,64.57,60.47,,03/24/21
64.3,60.79,64.3,60.27,,03/23/21
64.53,64.62,65.12,63.45,,03/22/21
62.99,64.53,64.95,62.07,,03/19/21
67.77,63.28,68.15,61.45,,03/18/21
68.39,68,68.89,66.96,,03/17/21
68.81,68.39,68.94,67.36,,03/16/21
69.08,68.88,70.03,67.82,,03/15/21
69.59,69.22,69.9,69.03,,03/12/21
68.45,69.63,69.84,67.99,,03/11/21
67.46,67.9,68.42,66.5,,03/10/21
68.13,67.52,69.33,67.12,,03/09/21
69.97,68.24,71.38,67.8,,03/08/21
67.16,69.36,69.69,66.67,,03/05/21
64.1,66.74,67.75,63.33,,03/04/21
62.38,64.07,64.7,62.38,,03/03/21
63.12,62.7,64.13,62.38,,03/02/21
64.85,63.69,65.93,63.17,,03/01/21
66.89,64.42,66.9,65.72,,02/26/21
67.2,66.88,67.7,66.48,,02/25/21
65.06,67.04,67.31,64.8,,02/24/21
65.51,65.37,66.79,64.47,,02/23/21
62.68,65.24,65.85,62.55,,02/22/21
63.3,62.91,63.94,62.09,,02/19/21
65.02,63.93,65.52,63.22,,02/18/21
63.15,64.34,64.96,62.73,,02/17/21
63.47,63.35,63.7,62.69,,02/16/21
62.83,63.3,63.76,62.82,,02/15/21
60.82,62.43,62.83,60.35,,02/12/21
61.01,61.14,61.5,60.72,,02/11/21
61.21,61.47,61.69,60.87,,02/10/21
60.8,61.09,61.34,60.05,,02/09/21
59.43,60.56,60.72,59.43,,02/08/21
59.17,59.34,59.79,59.08,,02/05/21
58.59,58.84,59.12,58.04,,02/04/21
57.85,58.46,58.94,57.5,,02/03/21
56.35,57.46,58.05,56.33,,02/02/21
54.91,56.35,56.53,54.6,,02/01/21
55.52,55.04,56.37,55.31,,01/29/21
55.41,55.53,56.59,55.31,,01/28/21
56.05,55.81,56.49,55.2,,01/27/21
55.93,55.91,56.34,55.39,,01/26/21
55.26,55.88,56.02,55.07,,01/25/21
56,55.41,56.03,54.48,,01/22/21
55.82,56.1,56.24,55.49,,01/21/21
56.07,56.08,56.64,55.66,,01/20/21
55.01,55.9,56.08,54.89,,01/19/21
54.75,54.75,55.21,54.49,,01/18/21
56.41,55.1,56.5,54.64,,01/15/21
55.93,56.42,56.57,55.24,,01/14/21
56.83,56.06,57.42,55.77,,01/13/21
55.66,56.58,56.79,55.51,,01/12/21
56.24,55.66,56.39,54.99,,01/11/21
54.56,55.99,56.36,54.34,,01/08/21
54.13,54.38,54.9,53.94,,01/07/21
53.52,54.3,54.73,53.02,,01/06/21
50.95,53.6,53.9,50.7,,01/05/21
51.5,51.09,53.33,50.56,,01/04/21
51.49,51.8,51.84,50.9,,12/31/20
51.32,51.34,51.56,51.04,,12/30/20
51.02,51.09,51.63,50.86,,12/29/20
51.25,50.86,52.02,50.53,,12/28/20
51.11,51.29,51.77,50.62,,12/24/20
49.7,51.2,51.59,49.2,,12/23/20
50.65,50.08,50.86,49.56,,12/22/20
52.22,50.91,52.32,49.2,,12/21/20
51.43,52.26,52.48,51.13,,12/18/20
51.12,51.5,51.9,51.08,,12/17/20
50.64,51.08,51.2,50.34,,12/16/20
50.3,50.76,50.89,49.78,,12/15/20
50.05,50.29,50.8,49.13,,12/14/20
50.45,49.97,50.74,49.74,,12/11/20
49,50.25,51.06,48.86,,12/10/20
48.84,48.86,49.55,48.4,,12/09/20
48.58,48.84,49,48.09,,12/08/20
49.23,48.79,49.43,48.4,,12/07/20
48.96,49.25,49.92,48.84,,12/04/20
48,48.71,48.94,47.67,,12/03/20
47.05,48.25,48.76,46.82,,12/02/20
47.79,47.42,48.3,46.88,,12/01/20
47.91,47.59,47.99,46.85,,11/30/20
47.81,48.18,48.44,47.34,,11/27/20
48.76,47.8,49.09,47.53,,11/26/20
47.8,48.61,49.06,47.72,,11/25/20
45.9,47.86,48.03,45.89,,11/24/20
45.08,46.06,46.12,44.89,,11/23/20
44.15,44.96,45.24,44.05,,11/20/20
43.96,44.2,44.57,43.79,,11/19/20
43.75,44.34,44.89,43.48,,11/18/20
43.89,43.75,44.25,43.08,,11/17/20
42.71,43.82,44.67,42.71,,11/16/20
43.2,42.78,43.34,42.63,,11/13/20
43.73,43.53,44.5,43.26,,11/12/20
43.77,43.8,45.3,43.6,,11/11/20
41.75,43.61,44.11,41.71,,11/10/20
39.65,42.4,43.48,39.46,,11/09/20
40.63,39.45,40.69,39.34,,11/06/20
40.96,40.93,41.53,40.33,,11/05/20
40.13,41.23,41.33,39.42,,11/04/20
39.26,39.71,40.45,38.65,,11/03/20
37.37,38.97,39.36,35.74,,11/02/20
37.5,37.94,38.1,36.8,,10/30/20
39.16,37.65,39.45,36.64,,10/29/20
40.61,39.12,40.7,38.75,,10/28/20
40.5,41.2,41.47,40.4,,10/27/20
41.53,40.46,41.63,40.22,,10/26/20
42.4,41.77,42.8,41.5,,10/23/20
41.59,42.46,42.79,41.46,,10/22/20
42.91,41.73,43.04,41.45,,10/21/20
42.45,43.16,43.3,42.19,,10/20/20
42.69,42.62,43.23,42.36,,10/19/20
43.1,42.93,43.21,42.27,,10/16/20
43.45,43.16,43.48,41.56,,10/15/20
42.43,43.32,43.45,42.13,,10/14/20
41.81,42.45,42.68,41.66,,10/13/20
42.6,41.72,42.71,41.36,,10/12/20
43.36,42.85,43.57,42.61,,10/09/20
42.15,43.34,43.47,41.86,,10/08/20
41.85,41.99,42.42,41.36,,10/07/20
41.41,42.65,42.84,41.22,,10/06/20
39.19,41.29,41.78,39.14,,10/05/20
40.65,39.27,40.77,38.79,,10/02/20
42.17,40.93,42.56,39.92,,10/01/20
40.66,40.95,40.98,40.3,,09/30/20
42.47,41.03,42.52,40.43,,09/29/20
41.87,42.43,42.62,41.48,,09/28/20
41.85,41.92,42.33,41.52,,09/25/20
41.36,41.94,42.02,41.27,,09/24/20
41.67,41.77,42.62,41.21,,09/23/20
41.79,41.72,42.2,41.21,,09/22/20
43.01,41.44,43.3,40.96,,09/21/20
43.22,43.15,43.8,42.53,,09/18/20
42.32,43.3,43.5,41.5,,09/17/20
40.72,42.22,42.44,40.59,,09/16/20
39.7,40.53,40.82,39.39,,09/15/20
39.78,39.61,40.09,39.3,,09/14/20
39.96,39.83,40.34,39.38,,09/11/20
40.58,40.06,40.96,39.71,,09/10/20
39.65,40.79,41.2,39.37,,09/09/20
42.08,39.78,42.23,39.31,,09/08/20
42.2,42.01,42.43,41.51,,09/07/20
43.76,42.66,44.54,42.3,,09/04/20
44.65,44.07,44.65,43.15,,09/03/20
45.83,44.43,46.05,44.2,,09/02/20
45.6,45.58,46.22,45.47,,09/01/20
45.8,45.28,46.53,45.21,,08/31/20
45.1,45.81,45.3,44.8,,08/28/20
45.7,45.09,45.87,44.56,,08/27/20
45.97,45.64,46.1,45.54,,08/26/20
45.12,45.86,46.07,45.08,,08/25/20
44.5,45.13,45.18,44.29,,08/24/20
45.03,44.35,45.08,43.59,,08/21/20
45.14,44.9,45.18,44.02,,08/20/20
45.17,45.37,45.48,44.81,,08/19/20
45.27,45.46,45.55,44.76,,08/18/20
44.86,45.37,45.41,44.53,,08/17/20
45.29,44.8,45.29,44.47,,08/14/20
45.32,44.96,45.58,44.82,,08/13/20
44.62,45.43,45.63,44.49,,08/12/20
45.05,44.5,45.79,44.39,,08/11/20
44.66,44.99,45.26,44.37,,08/10/20
45.15,44.4,45.3,44.27,,08/07/20
45.32,45.09,45.71,44.85,,08/06/20
44.28,45.17,46.23,44.24,,08/05/20
43.84,44.43,44.82,43.24,,08/04/20
43.53,44.15,44.46,42.89,,08/03/20
43.29,43.52,43.44,43.05,,07/31/20
43.73,42.94,43.8,41.38,,07/30/20
43.31,43.75,43.95,43.2,,07/29/20
43.55,43.22,43.84,43,,07/28/20
43.35,43.41,43.77,42.39,,07/27/20
43.27,43.34,43.9,42.79,,07/24/20
44.1,43.31,44.77,43.13,,07/23/20
44.03,44.29,44.4,43.62,,07/22/20
43.17,44.32,44.89,43.16,,07/21/20
43.08,43.28,43.45,42.36,,07/20/20
43.4,43.14,43.45,42.64,,07/17/20
43.71,43.37,43.8,43.14,,07/16/20
43.07,43.79,43.85,42.7,,07/15/20
42.24,42.9,43.22,41.8,,07/14/20
43.12,42.72,43.34,42.14,,07/13/20
42.36,43.24,43.42,41.32,,07/10/20
43.3,42.35,43.5,41.94,,07/09/20
42.81,43.29,43.47,42.75,,07/08/20
43.13,43.08,43.45,42.46,,07/07/20
42.79,43.1,43.71,42.74,,07/06/20
42.76,42.8,42.99,42.32,,07/03/20
41.84,43.14,43.23,41.73,,07/02/20
41.58,42.03,42.62,41.03,,07/01/20
41.33,41.15,41.62,40.9,,06/30/20
40.56,41.71,41.95,40.04,,06/29/20
41.44,41.02,41.81,40.29,,06/26/20
40.35,41.05,41.64,39.47,,06/25/20
42.45,40.31,42.89,39.63,,06/24/20
43.21,42.63,43.93,42.21,,06/23/20
41.74,43.08,43.18,41.58,,06/22/20
41.72,42.19,42.92,41.03,,06/19/20
40.43,41.51,41.64,40.06,,06/18/20
40.61,40.71,41.46,40.03,,06/17/20
39.94,40.96,41.65,38.95,,06/16/20
38.8,39.72,39.9,37.24,,06/15/20
37.88,38.73,39.45,37.01,,06/12/20
40.95,38.55,41.01,37.82,,06/11/20
40.72,41.73,41.99,40.14,,06/10/20
41.1,41.18,41.45,39.85,,06/09/20
42.4,40.8,43.41,40.68,,06/08/20
39.84,42.3,42.48,39.72,,06/05/20
39.6,39.99,40.1,39.04,,06/04/20
39.75,39.79,40.53,38.76,,06/03/20
38.34,39.57,39.75,38.26,,06/02/20
37.56,38.32,38.68,37.18,,06/01/20
35.15,37.84,35.37,34.06,,05/29/20
33.92,35.29,35.95,33.62,,05/28/20
35.93,34.74,36.16,33.98,,05/27/20
35.66,36.17,36.68,35.26,,05/26/20
34.98,35.53,35.97,34.46,,05/25/20
36.18,35.13,36.23,33.54,,05/22/20
35.82,36.06,36.98,35.75,,05/21/20
34.45,35.75,36.46,34.38,,05/20/20
35.66,34.65,35.76,34.2,,05/19/20
32.78,34.81,35.72,32.69,,05/18/20
31.52,32.5,32.91,30.94,,05/15/20
29.52,31.13,31.55,28.88,,05/14/20
29.35,29.19,30.55,28.86,,05/13/20
30.07,29.98,30.7,29.35,,05/12/20
30.7,29.63,31.47,29.35,,05/11/20
29.6,30.97,31.14,29.43,,05/08/20
29.64,29.46,31.84,29.08,,05/07/20
32.27,29.72,32.27,28.66,,05/06/20
28.1,30.97,32.06,27.77,,05/05/20
26.1,27.2,28.08,25.5,,05/04/20
26.95,26.44,27.88,25.76,,05/01/20
22.87,25.27,25.76,22.87,,04/30/20
20.66,22.54,23.88,20.53,,04/29/20
19.9,20.46,21.29,18.73,,04/28/20
21.55,19.99,21.91,19.11,,04/27/20
21.93,21.44,22.7,20.5,,04/24/20
20.89,21.33,23.22,20.07,,04/23/20
20.23,20.37,22.45,15.98,,04/22/20
26.33,19.33,26.5,17.51,,04/21/20
28.05,25.57,28.25,25.37,,04/20/20
28.66,28.08,28.93,27.58,,04/17/20
28.05,27.82,29,27.2,,04/16/20
30.26,27.69,30.33,27.16,,04/15/20
32.25,29.6,32.32,29.38,,04/14/20
33.99,31.74,33.99,30.63,,04/13/20
33.82,31.48,36.4,31.18,,04/09/20
32.63,32.84,33.87,31.54,,04/08/20
33.66,31.87,34.18,31.74,,04/07/20
31.76,33.05,34.24,30.03,,04/06/20
29.89,34.11,35,28.25,,04/03/20
25.61,29.94,36.29,25.45,,04/02/20
25.99,24.74,26.28,24.52,,04/01/20
23,22.74,23.87,22.59,,03/31/20
23.85,22.76,24.44,21.65,,03/30/20
26.68,24.93,27,24.13,,03/27/20
27.35,26.34,27.75,26.03,,03/26/20
27.8,27.39,28.29,25.68,,03/25/20
27.72,27.15,28.65,26.69,,03/24/20
26.75,27.03,27.54,24.68,,03/23/20
28.1,26.98,30.94,26.81,,03/20/20
27.19,28.47,29.42,24.96,,03/19/20
28.4,24.88,29.21,24.52,,03/18/20
30.14,28.73,31.25,28.5,,03/17/20
35.82,30.05,35.84,29.45,,03/16/20
32.85,33.85,36.15,32.5,,03/13/20
35.99,33.22,36.46,32.5,,03/12/20
37.27,35.79,39.7,35.35,,03/11/20
35.84,37.22,38.22,35,,03/10/20
38.28,34.36,38.34,31.02,,03/09/20
50.25,45.27,50.45,45.18,,03/06/20
51.66,49.99,52.04,49.7,,03/05/20
52.11,51.13,53.03,51.04,,03/04/20
53.47,51.86,53.9,51.22,,03/03/20
48.95,51.9,53.2,48.4,,03/02/20
51.42,49.67,51.52,50.05,,02/28/20
53.18,52.18,53.25,50.97,,02/27/20
55.13,53.43,55.45,53.03,,02/26/20
56.46,54.95,56.98,54.62,,02/25/20
57.85,56.3,57.86,55.13,,02/24/20
59,58.5,59.25,57.73,,02/21/20
59.31,59.31,60,58.9,,02/20/20
57.6,59.12,59.4,57.51,,02/19/20
57.35,57.75,57.83,56.3,,02/18/20
57.29,57.67,57.7,56.83,,02/17/20
56.41,57.32,57.53,56.15,,02/14/20
55.75,56.34,56.83,54.96,,02/13/20
54.41,55.79,56.36,54.39,,02/12/20
53.62,54.01,54.69,53.6,,02/11/20
54.2,53.27,54.71,53.11,,02/10/20
55.14,54.47,55.4,54.21,,02/07/20
55.56,54.93,56.58,54.25,,02/06/20
54.05,55.28,56.46,54.05,,02/05/20
54.33,53.96,55.65,53.69,,02/04/20
56.16,54.45,56.77,54.08,,02/03/20
59.3,58.16,56.62,55.42,,01/31/20
59.6,58.29,59.65,57.71,,01/30/20
59.86,59.81,60.62,59.26,,01/29/20
59.03,59.51,60.12,58.5,,01/28/20
60.23,59.32,60.49,58.5,,01/27/20
62.01,60.69,62.46,60.25,,01/24/20
62.68,62.04,62.69,61.25,,01/23/20
64.57,63.21,64.58,62.62,,01/22/20
65.26,64.59,65.35,64.06,,01/21/20
65.98,65.2,66,64.92,,01/20/20
64.69,64.85,65.6,64.48,,01/17/20
64.26,64.62,64.97,63.9,,01/16/20
64.44,64,64.6,63.55,,01/15/20
64.29,64.49,65.05,63.92,,01/14/20
65.13,64.2,65.27,63.92,,01/13/20
65.29,64.98,65.66,64.86,,01/10/20
66,65.37,66.1,64.56,,01/09/20
71.22,65.44,71.75,64.94,,01/08/20
68.63,68.27,68.75,67.65,,01/07/20
69.35,68.91,70.74,68.21,,01/06/20
66.28,68.6,69.5,66.22,,01/03/20
66.41,66.25,66.58,65.72,,01/02/20
66.65,66,66.93,65.63,,12/31/19
68.2,68.44,68.99,68.16,,12/30/19
67.91,68.16,68.33,67.57,,12/27/19
67.27,67.92,67.99,67.22,,12/26/19
66.44,67.2,67.26,66.36,,12/24/19
66.15,66.39,66.62,65.81,,12/23/19
66.56,66.14,66.72,65.7,,12/20/19
66.19,66.54,66.78,66.03,,12/19/19
65.84,66.17,66.43,65.56,,12/18/19
65.31,66.1,66.24,65.12,,12/17/19
65.05,65.34,65.66,64.88,,12/16/19
64.56,65.22,65.79,64.5,,12/13/19
63.9,64.2,64.85,63.87,,12/12/19
64,63.72,64.26,63.01,,12/11/19
64.03,64.34,64.69,63.78,,12/10/19
64.29,64.25,64.5,63.61,,12/09/19
63.41,64.39,64.88,62.83,,12/06/19
62.97,63.39,63.91,62.75,,12/05/19
61.08,63,63.51,61,,12/04/19
61.05,60.82,61.58,60.3,,12/03/19
60.73,60.92,62.09,60.72,,12/02/19
63.77,60.49,63.86,62.36,,11/29/19
63.91,63.87,64,63.19,,11/28/19
64.02,64.06,64.6,63.51,,11/27/19
63.7,64.27,64.32,63.44,,11/26/19
63.6,63.65,63.8,62.97,,11/25/19
63.62,63.39,64.27,62.98,,11/22/19
62.22,63.97,64.03,61.92,,11/21/19
60.94,62.4,62.8,60.3,,11/20/19
62.28,60.91,62.57,60.7,,11/19/19
63.36,62.44,63.57,61.94,,11/18/19
62.47,63.3,63.65,61.7,,11/15/19
62.61,62.28,63.21,62.15,,11/14/19
61.85,62.37,62.74,61.22,,11/13/19
62.11,62.06,62.85,61.82,,11/12/19
62.6,62.18,62.76,61.57,,11/11/19
62.29,62.51,62.7,60.66,,11/08/19
61.73,62.29,62.89,61.65,,11/07/19
62.78,61.74,63.32,61.59,,11/06/19
62.04,62.96,63.19,61.85,,11/05/19
61.8,62.13,62.78,61.28,,11/04/19
0,61.69,61.82,59.4,,11/01/19
60.57,60.23,61.13,60.07,,10/31/19
61.6,60.61,61.93,60.45,,10/30/19
61.61,61.59,61.98,60.66,,10/29/19
62.04,61.57,62.34,61.19,,10/28/19
61.5,62.02,62.11,60.93,,10/25/19
60.99,61.67,61.9,60.64,,10/24/19
59.48,61.17,61.3,58.85,,10/23/19
59.05,59.7,60.26,58.75,,10/22/19
59.23,58.96,59.55,58.26,,10/21/19
59.78,59.42,60.29,59.01,,10/18/19
58.99,59.91,60.04,58.69,,10/17/19
58.9,59.42,59.75,58.36,,10/16/19
59.3,58.74,59.68,58,,10/15/19
60.69,59.35,60.73,58.5,,10/14/19
59.53,60.51,60.69,59.21,,10/11/19
58.04,59.1,59.6,57.8,,10/10/19
58.02,58.32,59.35,57.91,,10/09/19
58.47,58.24,58.92,57.38,,10/08/19
58.02,58.35,59.68,58.02,,10/07/19
57.69,58.37,58.96,57.67,,10/04/19
57.54,57.71,57.99,56.15,,10/03/19
59.25,57.69,59.5,57.22,,10/02/19
59.38,58.89,60.1,58.41,,10/01/19
62.24,60.78,62.24,60.73,,09/30/19
62.48,61.91,62.75,60.76,,09/27/19
62.58,62.74,62.92,61.45,,09/26/19
62.44,62.39,62.81,61.23,,09/25/19
64.4,63.1,64.6,62.3,,09/24/19
65.23,64.77,65.5,63.53,,09/23/19
65,64.28,65.28,64.05,,09/20/19
63.51,64.4,65.57,63.46,,09/19/19
64.23,63.6,64.99,63.04,,09/18/19
68.15,64.55,69.26,63.55,,09/17/19
66.45,69.02,71.95,64.75,,09/16/19
60.45,60.22,60.81,59.6,,09/13/19
61.16,60.38,61.39,58.92,,09/12/19
62.88,60.81,63.27,60.52,,09/11/19
62.82,62.38,63.78,62.17,,09/10/19
61.6,62.59,63,61.57,,09/09/19
60.81,61.54,61.88,59.4,,09/06/19
60.49,60.95,62.4,60.25,,09/05/19
58.17,60.7,60.96,58.13,,09/04/19
58.54,58.26,58.87,57.23,,09/03/19
58.8,58.66,59.26,58.1,,09/02/19
60.98,59.25,61.17,60.25,,08/30/19
60.48,61.08,61.19,59.98,,08/29/19
60.04,60.49,61,59.8,,08/28/19
58.8,59.51,60.17,58.51,,08/27/19
58.35,58.7,60.17,58.24,,08/26/19
60.11,59.34,60.29,58.3,,08/23/19
60.43,59.92,60.89,59.47,,08/22/19
60.11,60.3,61.41,60.07,,08/21/19
59.68,60.03,60.32,58.95,,08/20/19
58.72,59.74,59.92,58.64,,08/19/19
58.41,58.64,59.5,58.28,,08/16/19
59.07,58.23,59.42,57.67,,08/15/19
61.07,59.48,61.08,58.21,,08/14/19
58.47,61.3,61.5,58,,08/13/19
58.3,58.57,58.88,57.88,,08/12/19
57.74,58.53,59.1,57.11,,08/09/19
57.48,57.38,58.01,56.77,,08/08/19
58.68,56.23,59.23,55.88,,08/07/19
59.56,58.94,60.56,58.55,,08/06/19
61.46,59.81,61.56,59.66,,08/05/19
61.16,61.89,62.95,60.98,,08/02/19
64.09,60.5,64.54,60.02,,08/01/19
64.95,65.17,65.42,64.95,,07/31/19
63.91,64.72,65.14,63.9,,07/30/19
63.32,63.71,63.9,62.92,,07/29/19
63.28,63.46,63.96,63.01,,07/26/19
63.21,63.39,64.23,63.01,,07/25/19
64.13,63.18,64.66,62.59,,07/24/19
63.26,63.83,64.46,62.66,,07/23/19
63.05,63.26,64.03,62.77,,07/22/19
62.5,62.47,63.37,61.83,,07/19/19
63.52,61.93,64.46,61.29,,07/18/19
64.44,63.66,65.28,63.22,,07/17/19
66.31,64.35,67.09,63.82,,07/16/19
66.87,66.48,67.47,66.11,,07/15/19
66.83,66.72,67.29,66.51,,07/12/19
66.81,66.52,67.65,66.43,,07/11/19
64.78,67.01,67.12,64.63,,07/10/19
63.81,64.16,64.75,63.76,,07/09/19
64.34,64.11,65.14,63.79,,07/08/19
63.27,64.23,64.52,62.91,,07/05/19
63.88,63.3,64.07,62.95,,07/04/19
62.9,63.82,64.01,62.09,,07/03/19
64.8,62.4,65.51,62.22,,07/02/19
65.05,65.06,66.75,64.22,,07/01/19
66.51,64.74,66.84,66.08,,06/28/19
66.05,66.55,66.82,65.63,,06/27/19
65.8,66.49,66.85,65.6,,06/26/19
64.89,65.05,65.98,64.17,,06/25/19
65.5,64.86,65.79,64.08,,06/24/19
64.86,65.2,65.76,64,,06/21/19
62.45,64.45,64.82,62.4,,06/20/19
62.4,61.82,62.55,61.4,,06/19/19
60.93,62.14,62.84,60.25,,06/18/19
62.07,60.94,62.37,60.74,,06/17/19
61.25,62.01,62.57,60.74,,06/14/19
59.94,61.31,62.64,59.78,,06/13/19
61.79,59.97,61.85,59.57,,06/12/19
62.3,62.29,62.87,62.01,,06/11/19
63.58,62.29,64.1,62.05,,06/10/19
62.4,63.29,63.59,61.77,,06/07/19
60.4,61.67,62.43,60.22,,06/06/19
61.58,60.63,62.27,59.45,,06/05/19
61,61.97,62.12,60.21,,06/04/19
61.64,61.28,62.84,60.55,,06/03/19
66.24,61.99,66.28,64.37,,05/31/19
69.68,66.87,69.96,66.31,,05/30/19
70.1,69.45,70.1,68.08,,05/29/19
69.99,70.11,70.59,69.58,,05/28/19
69.15,70.11,70.23,68.53,,05/27/19
67.99,68.69,69.3,67.33,,05/24/19
70.86,67.76,70.97,67.02,,05/23/19
71.91,70.99,72.04,70.42,,05/22/19
72.15,72.18,72.52,71.63,,05/21/19
72.5,71.97,73.4,71.6,,05/20/19
72.82,72.21,73.23,71.79,,05/17/19
72.05,72.62,73.36,71.82,,05/16/19
70.9,71.77,72.25,70.42,,05/15/19
70.02,71.24,71.65,69.93,,05/14/19
70.83,70.23,72.58,69.72,,05/13/19
70.45,70.62,71.23,70.18,,05/10/19
70.23,70.39,70.65,69.4,,05/09/19
69.88,70.37,70.7,69.33,,05/08/19
71.15,69.88,71.33,69.38,,05/07/19
70.59,71.24,71.79,68.79,,05/06/19
70.48,70.85,71.54,69.95,,05/03/19
72,70.75,72.22,69.68,,05/02/19
71.73,72.18,72.36,71.3,,05/01/19
71.94,72.8,73.27,71.73,,04/30/19
71.56,72.04,72.5,71.06,,04/29/19
74.2,72.15,74.42,71.3,,04/26/19
74.46,74.35,75.6,74,,04/25/19
74.27,74.57,74.73,74.02,,04/24/19
74.38,74.51,74.73,73.99,,04/23/19
71.93,74.04,74.52,71.86,,04/22/19
71.63,71.97,72.04,71.2,,04/18/19
71.83,71.62,72.27,71.45,,04/17/19
71.21,71.72,71.95,70.74,,04/16/19
71.55,71.18,71.6,70.78,,04/15/19
70.95,71.55,71.87,70.9,,04/12/19
71.56,70.83,71.68,70.57,,04/11/19
70.82,71.73,71.78,70.57,,04/10/19
71.19,70.61,71.34,70.3,,04/09/19
70.56,71.1,71.19,70.43,,04/08/19
69.13,70.34,70.48,68.92,,04/05/19
69.44,69.4,70.03,68.87,,04/04/19
69.47,69.31,69.96,68.8,,04/03/19
69.22,69.37,69.58,68.69,,04/02/19
67.58,69.01,69.22,67.58,,04/01/19
68.01,67.58,68.89,67.81,,03/29/19
67.75,67.82,68,66.54,,03/28/19
67.9,67.83,68.35,67.19,,03/27/19
67.36,67.97,68.23,67.24,,03/26/19
67,67.21,67.65,66.36,,03/25/19
67.76,67.03,67.98,66.2,,03/22/19
68.38,67.86,68.69,67.59,,03/21/19
67.66,68.5,68.57,67.19,,03/20/19
67.49,67.61,68.2,67.13,,03/19/19
67.14,67.54,67.69,66.69,,03/18/19
67.18,67.16,67.71,66.13,,03/15/19
67.65,67.23,68.14,67.03,,03/14/19
66.91,67.55,67.76,66.7,,03/13/19
66.7,66.67,67.39,66.34,,03/12/19
65.76,66.58,66.75,65.63,,03/11/19
66.08,65.74,66.09,64.02,,03/08/19
65.88,66.3,67,65.75,,03/07/19
65.49,65.99,66.18,65.22,,03/06/19
65.46,65.86,66.23,65.04,,03/05/19
64.97,65.67,66.34,64.93,,03/04/19
66.48,65.07,67.14,64.59,,03/01/19
66.38,66.03,66.38,65.67,,02/28/19
65.64,66.39,66.7,65.27,,02/27/19
64.79,65.21,65.74,64.32,,02/26/19
66.97,64.76,67.47,64.54,,02/25/19
66.96,67.12,67.73,66.87,,02/22/19
67.05,67.07,67.31,66.69,,02/21/19
66.3,67.08,67.38,65.63,,02/20/19
66.44,66.45,66.65,65.58,,02/19/19
66.39,66.5,66.83,65.9,,02/18/19
64.86,66.25,66.39,64.42,,02/15/19
63.69,64.57,64.81,63.25,,02/14/19
62.7,63.61,63.98,62.69,,02/13/19
61.59,62.42,63.34,61.59,,02/12/19
62.11,61.51,62.34,60.9,,02/11/19
61.66,62.1,62.36,61.04,,02/08/19
62.5,61.63,62.91,60.6,,02/07/19
62.06,62.69,62.8,61.05,,02/06/19
62.64,61.98,63.02,61.72,,02/05/19
62.83,62.51,63.63,61.28,,02/04/19
61.06,62.75,62.97,60.46,,02/01/19
61.97,61.89,62.32,61.57,,01/31/19
61.26,61.65,62.67,61.04,,01/30/19
59.87,61.32,61.79,59.75,,01/29/19
61.49,59.93,61.69,59.49,,01/28/19
61.13,61.64,61.92,60.7,,01/25/19
61.02,61.09,61.51,60.41,,01/24/19
61.37,61.14,62.33,60.21,,01/23/19
62.59,61.5,62.71,60.57,,01/22/19
62.74,62.74,63.15,62.25,,01/21/19
61.33,62.7,63,61.32,,01/18/19
61.05,61.18,61.54,60.04,,01/17/19
60.42,61.32,61.45,60.03,,01/16/19
59.36,60.64,60.86,59.11,,01/15/19
60.62,58.99,61.04,58.9,,01/14/19
61.19,60.48,61.04,60.28,,01/11/19
61.15,61.68,61.91,60.44,,01/10/19
59.15,61.44,61.69,59.05,,01/09/19
57.64,58.72,58.87,57.13,,01/08/19
57.41,57.33,58.93,57.26,,01/07/19
55.67,57.06,58.31,55.34,,01/04/19
54.29,55.95,56.3,53.93,,01/03/19
54.12,54.91,56.56,52.51,,01/02/19
53,53.8,54.82,52.66,,12/31/18
53.44,53.21,53.8,51.6,,12/28/18
54.65,52.16,54.67,51.94,,12/27/18
50.84,54.47,55.29,49.93,,12/26/18
53.49,50.47,54.66,50.36,,12/24/18
54.97,53.82,55.33,52.79,,12/21/18
56.49,54.35,56.75,54.28,,12/20/18
56.51,57.24,58.11,56.04,,12/19/18
59,56.26,59.24,55.89,,12/18/18
60.25,59.61,61.21,58.64,,12/17/18
61.53,60.28,61.58,59.92,,12/14/18
60.29,61.45,62.02,59.33,,12/13/18
60.67,60.15,61.43,59.98,,12/12/18
59.91,60.2,61.1,59.58,,12/11/18
61.34,59.97,62.33,59.61,,12/10/18
60.25,61.67,63.73,59.1,,12/07/18
61.36,60.06,61.97,58.36,,12/06/18
61.35,61.56,63.29,60.8,,12/05/18
61.9,62.08,63.58,61.24,,12/04/18
59.98,61.69,62.6,59.85,,12/03/18
59.28,59.46,59.93,58.25,,11/30/18
59.12,59.51,60.37,57.5,,11/29/18
60.63,58.76,61.27,58.55,,11/28/18
60.39,60.21,61.4,58.92,,11/27/18
58.98,60.48,61.13,58.6,,11/26/18
0,59.18,0,0,,11/25/18
62.58,58.8,62.79,58.41,,11/23/18
63.6,62.6,63.81,62.27,,11/22/18
62.6,63.48,64.48,62.56,,11/21/18
66.9,62.53,66.9,61.71,,11/20/18
66.99,66.79,67.64,65.27,,11/19/18
0,67.3,0,0,,11/18/18
66.68,66.76,68.38,66.06,,11/16/18
66.12,66.62,67.42,65.77,,11/15/18
65.62,66.12,67.63,65.02,,11/14/18
69.13,65.47,69.68,64.61,,11/13/18
70.69,70.12,71.88,68.87,,11/12/18
0,71,0,0,,11/11/18
70.87,70.18,71.68,70.53,,11/09/18
72.1,70.65,73.08,70.56,,11/08/18
71.66,72.07,73.55,71.36,,11/07/18
72.85,72.13,73.28,71.18,,11/06/18
72.85,73.17,74.13,72.26,,11/05/18
0,72.67,0,0,,11/04/18
72.75,72.83,73.5,72.16,,11/02/18
0,72.89,74.99,72.56,,11/01/18
76.28,75.47,76.92,75.42,,10/31/18
76.82,75.91,77.32,75.09,,10/30/18
77.64,77.34,78.03,76.55,,10/29/18
0,77.71,0,0,,10/28/18
76.6,77.62,77.91,75.77,,10/26/18
75.67,76.89,77.08,75.35,,10/25/18
76.35,76.17,77.57,75.11,,10/24/18
80.04,76.44,80.12,75.88,,10/23/18
80.11,79.83,80.41,78.99,,10/22/18
79.44,79.78,80.88,79.22,,10/19/18
80.23,79.29,80.31,78.69,,10/18/18
81.74,80.05,81.85,79.17,,10/17/18
80.88,81.41,81.75,79.8,,10/16/18
81,80.78,81.92,79.85,,10/15/18
80.28,80.43,81.48,79.23,,10/12/18
82.47,80.26,82.63,79.8,,10/11/18
84.98,83.09,85.17,82.26,,10/10/18
83.91,85,85.45,83.73,,10/09/18
84.17,83.91,84.31,82.66,,10/08/18
84.89,84.16,85.12,83.92,,10/05/18
85.99,84.58,86.43,84.14,,10/04/18
84.79,86.29,86.74,84.01,,10/03/18
84.95,84.8,85.38,84.31,,10/02/18
82.79,84.98,85.45,82.55,,10/01/18
81.63,82.73,82.87,81.6,,09/28/18
81.8,81.72,82.44,81.32,,09/27/18
81.45,81.34,82.27,81.78,,09/26/18
81.35,81.87,82.55,81.17,,09/25/18
78.97,81.2,81.48,78.97,,09/24/18
78.67,78.8,80.12,78.23,,09/21/18
79.44,78.7,79.83,78.51,,09/20/18
78.97,79.4,79.5,78.51,,09/19/18
77.78,79.03,79.73,77.46,,09/18/18
78.07,78.05,78.9,77.73,,09/17/18
78.45,78.09,78.94,77.37,,09/14/18
79.6,78.18,79.71,77.87,,09/13/18
79.42,79.74,80.13,78.75,,09/12/18
77.38,79.06,79.54,77.36,,09/11/18
77.08,77.37,77.92,76.9,,09/10/18
76.69,76.83,77.1,75.88,,09/07/18
77.02,76.5,77.77,75.64,,09/06/18
77.82,77.27,78.09,76.91,,09/05/18
78.19,78.17,79.72,77.44,,09/04/18
77.69,78.15,78.44,77.3,,09/03/18
77.53,77.64,77.79,77,,08/31/18
77.33,77.77,78.03,77.18,,08/30/18
75.99,77.14,77.42,75.67,,08/29/18
76.34,75.95,76.97,75.73,,08/28/18
75.54,76.21,76.34,75.39,,08/27/18
74.73,75.82,76.42,74.68,,08/24/18
74.72,74.73,74.87,74.21,,08/23/18
72.76,74.78,75,72.7,,08/22/18
72.15,72.63,72.95,72.05,,08/21/18
71.77,72.21,72.75,71.42,,08/20/18
71.35,71.83,72.49,71.25,,08/17/18
70.65,71.43,71.52,70.4,,08/16/18
72.22,70.76,72.44,70.3,,08/15/18
72.82,72.46,73.93,72.16,,08/14/18
73,72.61,73.09,71.04,,08/13/18
71.97,72.81,73.14,71.4,,08/10/18
72.16,72.07,72.89,71.86,,08/09/18
74.64,72.28,74.87,71.65,,08/08/18
73.61,74.65,74.9,73.57,,08/07/18
73.21,73.75,74.47,73.08,,08/06/18
73.37,73.21,73.73,72.48,,08/03/18
72.42,73.45,73.75,71.84,,08/02/18
74.07,72.39,74.12,72.13,,08/01/18
74.93,74.25,75.1,74.14,,07/31/18
74.31,74.97,75.27,74.14,,07/30/18
74.5,74.29,74.85,73.83,,07/27/18
74.37,74.54,74.83,73.77,,07/26/18
73.7,73.93,74.6,73.07,,07/25/18
72.91,73.44,74,72.68,,07/24/18
73.22,73.06,74.5,72.52,,07/23/18
72.65,73.07,73.47,72.26,,07/20/18
73.06,72.58,73.79,71.83,,07/19/18
71.74,72.9,73.28,71.19,,07/18/18
72.01,72.16,72.78,71.35,,07/17/18
74.92,71.84,75.37,71.52,,07/16/18
74.34,75.33,75.93,73.22,,07/13/18
74.17,74.45,75.1,72.67,,07/12/18
78.78,73.4,78.83,73.04,,07/11/18
78.25,78.86,79.51,78.15,,07/10/18
77.21,78.07,78.31,77.04,,07/09/18
77.57,77.11,77.68,76.36,,07/06/18
78.14,77.39,78.5,77.3,,07/05/18
77.89,78.24,78.28,77.61,,07/04/18
77.4,77.76,78.55,76.67,,07/03/18
78.55,77.3,78.95,77.16,,07/02/18
77.79,79.23,79.7,77.45,,06/29/18
77.5,77.85,78.42,77.09,,06/28/18
76.54,77.62,78.16,76.28,,06/27/18
74.74,76.31,76.72,74.13,,06/26/18
74.8,74.73,75.13,73.74,,06/25/18
73.24,75.55,75.83,73.24,,06/22/18
74.46,73.05,74.69,72.93,,06/21/18
75.2,74.74,75.86,74.1,,06/20/18
75.24,75.08,75.55,74.45,,06/19/18
73.06,75.34,75.49,72.45,,06/18/18
75.98,73.44,76.06,73,,06/15/18
76.56,75.94,76.92,75.76,,06/14/18
75.4,76.74,76.87,75.26,,06/13/18
76.5,75.88,77.07,75.43,,06/12/18
76.3,76.46,76.84,75.52,,06/11/18
77.39,76.46,77.61,76.12,,06/08/18
75.88,77.32,77.45,75.44,,06/07/18
75.19,75.36,76.25,74.46,,06/06/18
75.4,75.38,75.74,73.81,,06/05/18
76.66,75.29,76.95,75.2,,06/04/18
77.71,76.79,77.95,76.35,,06/01/18
77.37,77.59,78.75,77.04,,05/31/18
75.37,77.5,77.73,74.81,,05/30/18
75.82,75.39,76.2,74.54,,05/29/18
76.11,75.3,76.17,74.49,,05/28/18
78.82,76.44,78.88,76.01,,05/25/18
79.65,78.79,79.78,78.57,,05/24/18
79.47,79.8,79.85,78.21,,05/23/18
79.36,79.57,80.49,79.16,,05/22/18
78.61,79.22,79.59,78.1,,05/21/18
79.46,78.51,79.87,78.33,,05/18/18
79.26,79.3,80.5,79.12,,05/17/18
78.1,79.28,79.35,77.61,,05/16/18
78.42,78.43,79.47,77.9,,05/15/18
77.05,78.23,78.53,76.55,,05/14/18
77.55,77.12,77.6,76.95,,05/11/18
77.44,77.47,78,76.51,,05/10/18
76.19,77.21,77.43,76.08,,05/09/18
75.6,74.85,76.18,73.1,,05/08/18
75,76.17,76.34,74.83,,05/07/18
73.74,74.87,75.08,73.24,,05/04/18
73.07,73.62,74.09,72.47,,05/03/18
73.28,73.36,73.63,72.38,,05/02/18
74.65,73.13,74.98,72.74,,05/01/18
74.62,75.17,75.41,73.47,,04/30/18
74.72,74.64,75.03,74.35,,04/27/18
74.23,74.74,74.97,74.11,,04/26/18
74,74,74.19,73.17,,04/25/18
75.09,73.86,75.47,73.68,,04/24/18
73.77,74.71,75.1,73.13,,04/23/18
73.94,74.06,74.2,72.83,,04/20/18
73.72,73.78,74.75,73.46,,04/19/18
71.72,73.48,73.93,71.66,,04/18/18
71.65,71.58,71.89,70.83,,04/17/18
72.7,71.42,72.85,71.11,,04/16/18
71.94,72.58,72.88,71.56,,04/13/18
72.09,72.02,72.49,71.1,,04/12/18
71.03,72.06,73.09,70.57,,04/11/18
68.46,71.04,71.34,68.46,,04/10/18
67.1,68.65,68.8,67,,04/09/18
68.09,67.11,68.62,66.86,,04/06/18
68.36,68.33,68.93,67.73,,04/05/18
68.15,68.02,68.28,66.69,,04/04/18
67.63,68.12,68.46,67.62,,04/03/18
69.32,67.64,70.04,67.49,,04/02/18
69.86,69.34,70.44,69.1,,03/29/18
69.72,69.53,70.25,68.78,,03/28/18
70.13,70.11,71.03,69.45,,03/27/18
70.43,70.12,71.05,69.67,,03/26/18
69.11,70.45,70.57,68.87,,03/23/18
69.63,68.91,69.7,68.58,,03/22/18
67.61,69.47,69.86,67.48,,03/21/18
66.15,67.42,67.88,66.15,,03/20/18
66.01,66.05,66.39,65.39,,03/19/18
0,65.99,0,0,,03/18/18
65.07,66.21,66.42,64.88,,03/16/18
64.9,65.12,65.38,64.61,,03/15/18
64.73,64.89,65.21,64.06,,03/14/18
64.92,64.64,65.68,64.05,,03/13/18
65.5,64.95,65.86,64.18,,03/12/18
0,65.64,0,0,,03/11/18
63.93,65.49,65.63,63.69,,03/09/18
64.51,63.61,64.56,63.43,,03/08/18
65.23,64.34,65.8,63.83,,03/07/18
0,65.79,0,0,,03/06/18
65.74,65.79,66.16,65.3,,03/05/18
0,64.67,0,0,,03/04/18
64.07,64.37,64.64,63.2,,03/02/18
64.57,63.83,65.04,63.19,,03/01/18
66.41,65.78,66.87,65.43,,02/28/18
67.57,66.63,67.61,66.32,,02/27/18
67.29,67.5,67.9,66.72,,02/26/18
0,67.29,0,0,,02/25/18
66.3,67.31,67.37,65.79,,02/23/18
64.91,66.39,66.56,64.62,,02/22/18
65.05,65.42,65.53,64.4,,02/21/18
65.64,65.25,65.81,64.78,,02/20/18
64.96,65.67,65.9,64.84,,02/19/18
0,65.02,0,0,,02/18/18
64.66,64.84,65.22,64.19,,02/16/18
64.44,64.33,65.15,63.12,,02/15/18
62.84,64.36,64.58,61.95,,02/14/18
62.85,62.72,63.1,61.76,,02/13/18
62.5,62.59,64.4,62.5,,02/12/18
0,62.84,0,0,,02/11/18
64.44,62.79,64.64,61.77,,02/09/18
65.28,64.81,65.6,64.1,,02/08/18
67.2,65.51,67.72,65.16,,02/07/18
67.02,66.86,67.6,66.53,,02/06/18
68.15,67.62,68.46,66.9,,02/05/18
0,68.1,0,0,,02/04/18
70,68.58,70.02,67.96,,02/02/18
69,69.65,69.97,68.81,,02/01/18
68.43,69.05,69.15,68.33,,01/31/18
69.3,69.02,69.39,68.4,,01/30/18
70.47,69.46,70.64,69.07,,01/29/18
0,70.45,0,0,,01/28/18
70.07,70.52,70.83,70.05,,01/26/18
70.95,70.42,71.28,69.97,,01/25/18
69.97,70.53,70.94,69.54,,01/24/18
69.17,69.96,70.24,69.12,,01/23/18
68.8,69.03,69.51,68.39,,01/22/18
0,68.72,0,0,,01/21/18
69.01,68.61,69.08,68.28,,01/19/18
69.53,69.31,69.63,68.8,,01/18/18
69.35,69.38,69.59,68.55,,01/17/18
70.05,69.15,70.13,68.83,,01/16/18
69.88,70.26,70.37,69.55,,01/15/18
0,69.71,0,0,,01/14/18
69.15,69.87,69.93,68.59,,01/12/18
69.15,69.26,70.05,69,,01/11/18
69.12,69.2,69.37,68.75,,01/10/18
68,68.82,69.29,67.7,,01/09/18
67.8,67.78,67.99,67.44,,01/08/18
67.97,67.62,68.11,67.26,,01/05/18
67.89,68.07,68.27,67.62,,01/04/18
66.54,67.84,68.03,66.4,,01/03/18
66.55,66.57,67.29,66.24,,01/02/18
66.15,66.87,66.98,66.15,,12/29/17
66.43,66.72,66.85,66.23,,12/28/17
66.76,66.44,66.94,66.03,,12/27/17
65.2,67.02,67.1,65,,12/26/17
64.63,65.25,65.28,64.38,,12/22/17
64.49,64.9,64.93,64.2,,12/21/17
63.83,64.56,64.6,63.67,,12/20/17
63.41,63.8,63.91,63.3,,12/19/17
63.36,63.41,63.91,63,,12/18/17
63.39,63.23,63.68,63.08,,12/15/17
62.81,63.31,63.5,62.01,,12/14/17
63.8,62.44,64.32,62.36,,12/13/17
64.66,63.34,65.83,63.07,,12/12/17
63.29,64.69,64.93,62.99,,12/11/17
62.08,63.4,63.64,62.01,,12/08/17
61.3,62.2,62.26,61.15,,12/07/17
62.64,61.22,62.93,61.13,,12/06/17
62.45,62.86,63.15,62.12,,12/05/17
63.5,62.45,63.68,62.31,,12/04/17
62.74,63.73,64.32,62.59,,12/01/17
63.28,63.57,64.21,63.21,,11/30/17
63.3,63.11,64.07,62.5,,11/29/17
63.78,63.61,63.89,63.1,,11/28/17
63.8,63.84,63.99,63.1,,11/27/17
63.35,63.86,63.95,63.28,,11/24/17
63.24,63.55,63.57,62.88,,11/23/17
62.78,63.32,63.43,62.62,,11/22/17
62.1,62.57,62.87,62.07,,11/21/17
62.8,62.22,62.8,61.44,,11/20/17
61.41,62.72,62.92,61.08,,11/17/17
61.88,61.36,62.15,61.25,,11/16/17
61.55,61.87,62.13,61.3,,11/15/17
63.06,62.21,63.17,61.21,,11/14/17
63.68,63.16,63.77,62.61,,11/13/17
63.8,63.52,64.27,63.35,,11/10/17
63.52,63.93,64.25,63.26,,11/09/17
63.69,63.49,64.64,62.95,,11/08/17
64.12,63.69,64.65,63.5,,11/07/17
62.27,64.27,64.44,62.08,,11/06/17
60.88,62.07,62.23,60.6,,11/03/17
60.5,60.62,60.86,60.02,,11/02/17
0,60.49,61.7,60,,11/01/17
60.86,61.37,61.41,60.53,,10/31/17
60.66,60.9,61,60.14,,10/30/17
59.37,60.44,60.65,58.82,,10/27/17
58.42,59.3,59.55,58.05,,10/26/17
58.44,58.44,58.74,57.85,,10/25/17
57.41,58.33,58.57,57.04,,10/24/17
57.95,57.37,58.05,57.27,,10/23/17
57.32,57.75,57.94,56.6,,10/20/17
58.24,57.23,58.3,57.02,,10/19/17
58.16,58.15,58.54,57.74,,10/18/17
57.78,57.88,58.35,57.18,,10/17/17
57.28,57.82,58.47,57.12,,10/16/17
56.44,57.17,57.57,56.34,,10/13/17
56.74,56.25,56.83,55.88,,10/12/17
56.56,56.94,57.09,56.14,,10/11/17
55.78,56.61,56.91,55.73,,10/10/17
55.5,55.79,55.98,55.06,,10/09/17
56.99,55.62,57.28,55.13,,10/06/17
55.77,57,57.24,55.7,,10/05/17
55.67,55.8,56.2,55.38,,10/04/17
56.1,56,56.4,55.7,,10/03/17
56.73,56.12,56.76,55.5,,10/02/17
57.6,56.79,57.8,57.14,,09/29/17
57.7,57.41,58.65,56.85,,09/28/17
58.57,57.9,58.89,57.57,,09/27/17
59.05,58.44,59.49,57.77,,09/26/17
56.87,59.02,59.25,56.7,,09/25/17
56.5,56.86,56.91,56.22,,09/22/17
56.17,56.43,56.53,55.76,,09/21/17
55.35,56.29,56.48,55.26,,09/20/17
55.48,55.14,55.89,54.89,,09/19/17
55.59,55.48,55.95,54.82,,09/18/17
55.29,55.62,55.85,54.86,,09/15/17
55.02,55.47,55.99,54.93,,09/14/17
54.18,55.16,55.21,54.03,,09/13/17
53.77,54.27,54.44,53.42,,09/12/17
53.82,53.84,54.14,53.04,,09/11/17
54.54,53.78,54.87,53.57,,09/08/17
54.13,54.49,54.67,53.89,,09/07/17
53.16,54.2,54.31,53.09,,09/06/17
52.3,53.38,53.66,52.09,,09/05/17
52.85,52.34,52.85,51.99,,09/04/17
52.84,52.75,52.95,52.24,,09/01/17
50.58,52.38,52.43,50.56,,08/31/17
51.97,50.86,52.01,50.58,,08/30/17
52.04,52,52.19,51.36,,08/29/17
52.38,51.89,52.84,51.52,,08/28/17
52.3,52.41,52.68,51.93,,08/25/17
52.55,52.04,52.71,51.61,,08/24/17
51.68,52.57,52.63,51.45,,08/23/17
51.78,51.87,52.28,51.39,,08/22/17
53,51.66,53,51.3,,08/21/17
50.89,52.72,52.96,50.78,,08/18/17
50.4,51.03,51.12,50,,08/17/17
50.98,50.27,51.4,50.15,,08/16/17
50.65,50.8,51.15,50.02,,08/15/17
52.02,50.73,52.38,50.55,,08/14/17
51.94,52.1,52.28,51.3,,08/11/17
52.72,51.9,53.64,51.67,,08/10/17
51.99,52.7,52.85,51.81,,08/09/17
52.24,52.14,52.73,51.82,,08/08/17
52.39,52.37,52.53,51.37,,08/07/17
51.97,52.42,52.52,51.43,,08/04/17
52.24,52.01,52.89,51.77,,08/03/17
51.38,52.36,52.43,51.18,,08/02/17
52.7,51.78,52.93,50.88,,08/01/17
52.6,52.65,52.92,52.2,,07/31/17
51.6,52.52,52.7,51.31,,07/28/17
50.86,51.49,51.64,50.5,,07/27/17
50.63,50.97,51.06,50.07,,07/26/17
48.64,50.2,50.91,48.63,,07/25/17
47.96,48.6,48.77,47.68,,07/24/17
49.33,48.06,49.65,47.81,,07/21/17
49.65,49.3,50.19,49.19,,07/20/17
48.7,49.7,49.81,48.58,,07/19/17
48.4,48.84,49.41,48.24,,07/18/17
49.14,48.42,49.26,48.31,,07/17/17
48.37,48.91,49.11,48.15,,07/14/17
47.7,48.42,48.53,47.18,,07/13/17
48.21,47.74,48.79,47.35,,07/12/17
46.99,47.52,48.21,46.29,,07/11/17
46.84,46.88,47.38,46.11,,07/10/17
47.76,46.71,47.76,46.28,,07/07/17
48.28,48.11,49.18,47.77,,07/06/17
49.67,47.79,49.84,47,,07/05/17
49.63,49.61,49.9,49.29,,07/04/17
48.95,49.68,49.71,48.54,,07/03/17
47.46,48.77,48.12,47.46,,06/30/17
47.39,47.42,48.03,47.14,,06/29/17
46.25,47.31,47.47,46.25,,06/28/17
45.85,46.65,47.06,45.79,,06/27/17
45.63,45.83,46.24,45.04,,06/26/17
45.28,45.54,45.75,45.03,,06/23/17
44.81,45.22,45.79,44.53,,06/22/17
45.89,44.82,46.63,44.35,,06/21/17
46.96,46.02,47.23,45.42,,06/20/17
47.21,46.91,47.76,46.77,,06/19/17
46.82,47.37,47.61,46.81,,06/16/17
46.8,46.92,47.2,46.7,,06/15/17
48.18,47,48.69,46.74,,06/14/17
48.32,48.72,48.82,47.87,,06/13/17
48.06,48.29,49.15,48.01,,06/12/17
47.79,48.15,48.56,47.4,,06/09/17
48.26,47.86,48.6,47.56,,06/08/17
49.97,48.06,50.14,47.96,,06/07/17
49.57,50.12,50.3,49,,06/06/17
49.87,49.47,50.74,49.04,,06/05/17
50.23,49.95,50.52,48.95,,06/02/17
51.17,50.63,51.45,50.23,,06/01/17
51.92,50.31,51.92,49.81,,05/31/17
52.25,51.84,52.35,51.19,,05/30/17
52.24,52.29,52.61,51.86,,05/29/17
51.38,52.15,52.3,50.71,,05/26/17
54.15,51.46,54.67,51.03,,05/25/17
54.14,53.96,54.62,53.66,,05/24/17
53.87,54.15,54.43,53.2,,05/23/17
53.85,53.87,54.37,53.66,,05/22/17
52.57,53.61,53.82,52.55,,05/19/17
52.19,52.51,52.74,51.11,,05/18/17
51.2,52.21,52.61,51.04,,05/17/17
51.88,51.65,52.36,51.1,,05/16/17
50.89,51.82,52.63,50.74,,05/15/17
50.76,50.84,51.09,50.33,,05/12/17
50.28,50.77,51.16,50.25,,05/11/17
48.95,50.22,50.63,48.81,,05/10/17
49.44,48.73,49.72,48.39,,05/09/17
49.27,49.34,49.92,48.48,,05/08/17
48.45,49.1,49.63,46.64,,05/05/17
50.59,48.38,50.73,48.16,,05/04/17
50.99,50.79,51.14,50.2,,05/03/17
51.39,50.46,52.16,50.14,,05/02/17
51.88,51.52,51.97,51.22,,05/01/17
51.58,52.05,52.12,51.31,,04/28/17
51.57,51.44,51.76,50.45,,04/27/17
51.81,51.82,52.46,51.38,,04/26/17
51.6,52.1,52.39,51.3,,04/25/17
52.11,51.6,52.57,51.42,,04/24/17
53,51.96,53.29,51.57,,04/21/17
53.09,52.99,53.55,52.68,,04/20/17
54.78,52.93,55.2,52.58,,04/19/17
55.39,54.89,55.48,54.61,,04/18/17
55.55,55.36,55.98,55.29,,04/17/17
55.66,55.89,56.06,55.56,,04/13/17
56.28,55.86,56.65,55.5,,04/12/17
56.08,56.23,56.3,55.45,,04/11/17
55.19,55.98,56.05,55.19,,04/10/17
54.88,55.24,56.08,54.57,,04/07/17
54.13,54.89,55,54.02,,04/06/17
54.22,54.36,55.09,53.97,,04/05/17
53.18,54.17,54.38,52.73,,04/04/17
53.62,53.12,53.74,53.03,,04/03/17
52.83,53.53,53.45,52.35,,03/31/17
52.39,52.96,53.1,52.03,,03/30/17
51.43,52.42,52.48,51.36,,03/29/17
50.77,51.33,51.87,50.77,,03/28/17
51.03,50.75,51.1,50.03,,03/27/17
50.64,50.8,51.06,50.4,,03/24/17
50.83,50.56,51.1,50.25,,03/23/17
50.86,50.64,50.98,49.71,,03/22/17
51.7,50.96,52.22,50.73,,03/21/17
51.8,51.62,51.94,51.01,,03/20/17
51.74,51.76,52.18,51.53,,03/17/17
52.08,51.74,52.65,51.5,,03/16/17
51.5,51.81,52.15,51.36,,03/15/17
51.34,50.92,51.86,50.25,,03/14/17
51.49,51.35,51.7,50.85,,03/13/17
52.33,51.37,53.02,51.14,,03/10/17
53.49,52.19,53.86,51.5,,03/09/17
55.63,53.11,55.77,52.93,,03/08/17
55.95,55.92,56.65,55.56,,03/07/17
55.8,56.01,56.25,55.32,,03/06/17
55.18,55.9,55.95,55.09,,03/03/17
56.31,55.08,56.44,55.03,,03/02/17
56.45,56.36,57.05,56.24,,03/01/17
56.02,55.59,56.15,55.23,,02/28/17
55.96,55.93,56.77,55.86,,02/27/17
56.4,55.99,56.66,55.74,,02/24/17
56.2,56.58,57.26,56.18,,02/23/17
56.74,55.84,57.01,55.64,,02/22/17
56.17,56.66,57.31,56.1,,02/21/17
55.9,56.18,56.42,55.7,,02/20/17
55.73,55.81,55.88,55.1,,02/17/17
55.74,55.65,56.24,55.13,,02/16/17
55.82,55.75,56.25,55.56,,02/15/17
55.75,55.97,56.46,55.53,,02/14/17
56.68,55.59,56.81,55.41,,02/13/17
55.66,56.7,56.88,55.59,,02/10/17
55.3,55.63,55.92,55.23,,02/09/17
54.5,55.12,55.68,54.44,,02/08/17
55.91,55.05,55.98,54.58,,02/07/17
56.85,55.72,57.13,55.65,,02/06/17
56.92,56.81,57.3,56.39,,02/03/17
56.53,56.56,57.45,56.33,,02/02/17
55.55,56.8,56.83,55.36,,02/01/17
55.25,55.7,56,54.9,,01/31/17
55.47,55.23,55.7,54.97,,01/30/17
56.09,55.52,56.5,54.86,,01/27/17
55.39,56.24,56.55,55.21,,01/26/17
55.24,55.08,55.65,54.75,,01/25/17
55.42,55.44,55.87,55.07,,01/24/17
55.7,55.23,55.75,54.65,,01/23/17
54.33,55.49,55.8,54.18,,01/20/17
54.29,54.16,54.77,53.9,,01/19/17
55.48,53.92,55.9,53.77,,01/18/17
55.74,55.47,56.95,55.4,,01/17/17
55.64,55.86,55.92,55.19,,01/16/17
56,55.45,56.21,55.28,,01/13/17
55.19,56.01,56.43,55.01,,01/12/17
53.8,55.1,55.67,53.7,,01/11/17
54.95,53.64,55.36,53.58,,01/10/17
56.81,54.94,57,54.74,,01/09/17
56.88,57.1,57.47,56.28,,01/06/17
56.35,56.89,57.35,56.01,,01/05/17
55.73,56.46,56.55,55.33,,01/04/17
57.05,55.47,58.37,55.3,,01/03/17
57,56.82,57.2,56.46,,12/30/16
56.01,56.14,56.63,55.91,,12/29/16
56.06,56.22,56.56,55.89,,12/28/16
55.18,56.09,57.15,55.04,,12/27/16
54.84,55.16,55.25,54.26,,12/23/16
54.55,55.05,55.23,54.05,,12/22/16
55.52,54.46,55.87,54.32,,12/21/16
55.02,55.35,55.92,54.75,,12/20/16
55.4,54.92,55.8,54.69,,12/19/16
54.11,55.21,55.38,53.71,,12/16/16
53.76,54.02,54.5,53.15,,12/15/16
55.16,53.9,55.81,53.52,,12/14/16
55.7,55.72,56.44,55.13,,12/13/16
55.88,55.69,57.89,55.11,,12/12/16
53.97,54.33,54.46,53.77,,12/09/16
53.15,53.89,54.05,52.81,,12/08/16
53.94,53,54.23,52.92,,12/07/16
54.5,53.93,54.94,53.51,,12/06/16
54.4,54.94,55.33,53.77,,12/05/16
53.88,54.46,54.5,52.84,,12/02/16
51.72,53.94,54.53,51.51,,12/01/16
46.54,50.47,50.49,46.51,,11/30/16
48.07,46.38,48.1,45.92,,11/29/16
46.71,48.24,48.81,46.28,,11/28/16
48.96,47.24,49.02,46.85,,11/25/16
49.03,49,49.21,48.76,,11/24/16
49.2,48.95,49.5,48.56,,11/23/16
49.25,49.12,49.96,48.14,,11/22/16
46.92,48.9,49.15,46.92,,11/21/16
46.05,46.86,0,0,,11/18/16
46.44,46.49,47.62,45.97,,11/17/16
46.88,46.63,47.56,46.25,,11/16/16
44.7,46.95,47.25,44.67,,11/15/16
44.54,44.43,44.99,43.57,,11/14/16
45.8,44.75,45.89,44.19,,11/11/16
46.36,45.84,46.92,45.56,,11/10/16
46.04,46.36,46.95,44.4,,11/09/16
46.3,46.04,46.69,45.6,,11/08/16
45.7,46.15,46.38,45.38,,11/07/16
46.43,45.58,46.56,45.08,,11/04/16
47.15,46.35,47.52,45.99,,11/03/16
47.9,46.86,48.02,46.46,,11/02/16
0,48.14,49.26,47.72,,11/01/16
49.41,48.3,49.72,47.98,,10/31/16
50.41,49.71,50.58,49.31,,10/28/16
50.05,50.47,50.9,49.83,,10/27/16
50.26,49.98,50.69,49.65,,10/26/16
51.44,50.79,51.83,50.22,,10/25/16
51.89,51.46,52.01,50.5,,10/24/16
51.4,51.78,51.94,51.12,,10/21/16
52.6,51.38,52.72,51.17,,10/20/16
52.13,52.67,53.14,52.09,,10/19/16
51.72,51.68,52.15,51.25,,10/18/16
51.93,51.52,52.29,51.16,,10/17/16
52.06,51.95,52.55,51.5,,10/14/16
51.6,52.03,52.15,50.92,,10/13/16
52.48,51.81,52.87,51.61,,10/12/16
53.11,52.41,53.32,52.12,,10/11/16
51.63,53.14,53.73,51.3,,10/10/16
52.72,51.93,52.84,51.33,,10/07/16
51.76,52.51,52.75,51.32,,10/06/16
51.22,51.86,52.09,51.22,,10/05/16
50.93,50.87,51.55,50.34,,10/04/16
50.02,50.89,51.14,49.74,,10/03/16
49.18,50.19,49.25,48.21,,09/30/16
48.87,49.24,49.81,47.99,,09/29/16
46.14,48.69,48.96,45.7,,09/28/16
47.06,45.97,47.28,45.63,,09/27/16
46.05,47.35,47.66,45.74,,09/26/16
47.42,45.89,48.26,45.65,,09/23/16
46.99,47.65,47.83,46.99,,09/22/16
46.45,46.83,47.14,46.38,,09/21/16
45.91,45.88,46.3,45.09,,09/20/16
46.01,45.95,46.93,45.85,,09/19/16
46.31,45.77,46.41,45.48,,09/16/16
46.06,46.59,47,45.67,,09/15/16
47.33,45.85,47.48,45.7,,09/14/16
48.17,47.1,48.22,46.96,,09/13/16
47.81,48.32,48.63,46.9,,09/12/16
49.63,48.01,49.7,47.76,,09/09/16
48.55,49.99,50.14,48.21,,09/08/16
47.2,47.98,48.56,46.97,,09/07/16
47.43,47.26,47.99,46.29,,09/06/16
46.7,47.63,49.4,46.4,,09/05/16
45.79,46.83,47.02,45.41,,09/02/16
46.98,45.45,47.24,45.32,,09/01/16
48.29,47.04,48.42,46.96,,08/31/16
49.25,48.37,49.76,48.23,,08/30/16
49.54,49.26,49.6,49.41,,08/29/16
49.66,49.92,50.76,49.12,,08/26/16
49.03,49.67,49.78,48.7,,08/25/16
49.57,49.05,49.87,48.68,,08/24/16
49.04,49.96,50.21,48.48,,08/23/16
50.7,49.16,50.7,49.07,,08/22/16
50.96,50.88,51.22,50.32,,08/19/16
49.76,50.89,51.05,49.52,,08/18/16
48.88,49.85,49.93,48.55,,08/17/16
48.22,49.23,49.04,48.8,,08/16/16
47.14,48.35,48.54,46.84,,08/15/16
46.18,46.97,47.25,45.74,,08/12/16
43.78,46.04,46.3,43.46,,08/11/16
44.92,44.05,45.68,43.81,,08/10/16
45.25,44.98,45.77,44.76,,08/09/16
44.34,45.39,45.71,44.24,,08/08/16
44.18,44.27,44.49,43.51,,08/05/16
43.36,44.29,44.34,42.51,,08/04/16
41.94,43.1,43.47,41.56,,08/03/16
42.23,41.8,43.18,41.51,,08/02/16
43.11,42.14,43.85,41.87,,08/01/16
42.61,43.53,42.83,41.8,,07/29/16
43.53,42.7,43.72,42.56,,07/28/16
44.55,43.47,44.91,43.27,,07/27/16
44.82,44.87,44.96,44.14,,07/26/16
45.7,44.72,45.87,44.55,,07/25/16
46.21,45.69,46.5,45.17,,07/22/16
47.17,46.2,47.56,46.05,,07/21/16
46.76,47.17,47.49,45.9,,07/20/16
46.93,46.66,47.49,46.53,,07/19/16
47.92,46.96,47.95,46.5,,07/18/16
47.03,47.61,48.25,46.65,,07/15/16
46.59,47.37,47.47,46.34,,07/14/16
48.13,46.26,48.2,46.09,,07/13/16
46.17,48.47,48.57,46.09,,07/12/16
46.49,46.25,47.1,45.9,,07/11/16
46.6,46.76,47.23,46.15,,07/08/16
49.12,46.4,49.59,46.15,,07/07/16
48.06,48.8,49.31,47.17,,07/06/16
50.03,47.96,50.05,47.54,,07/05/16
50.6,50.1,50.75,50.03,,07/04/16
49.9,50.35,50.66,49.25,,07/01/16
50.21,49.68,50.28,49.47,,06/30/16
48.84,50.61,50.74,48.62,,06/29/16
47.61,48.58,48.79,47.47,,06/28/16
48.43,47.16,48.9,46.69,,06/27/16
50.69,48.41,50.74,47.54,,06/24/16
50.14,50.91,51.18,49.89,,06/23/16
51.06,49.88,51.24,49.18,,06/22/16
50.43,50.62,51.1,49.46,,06/21/16
49.42,50.65,50.68,49.24,,06/20/16
47.28,49.17,49.4,47.25,,06/17/16
48.56,47.19,48.77,46.94,,06/16/16
49.22,48.97,49.8,48.39,,06/15/16
49.89,49.83,50.05,49.2,,06/14/16
50.42,50.35,50.79,49.61,,06/13/16
51.91,50.54,52.1,50.33,,06/10/16
52.74,51.95,52.86,51.53,,06/09/16
51.41,52.51,52.8,51.32,,06/08/16
50.46,51.44,51.54,50.28,,06/07/16
49.83,50.55,50.83,49.72,,06/06/16
49.95,49.64,50.33,49.3,,06/03/16
49.63,50.04,50.3,48.84,,06/02/16
49.65,49.72,50,48.65,,06/01/16
49.7,49.69,50.05,49.23,,05/31/16
49.43,49.76,49.83,48.92,,05/30/16
49.42,49.32,49.55,48.69,,05/27/16
49.76,49.59,50.51,49.25,,05/26/16
49.16,49.74,49.96,48.91,,05/25/16
48.35,48.61,49.24,47.8,,05/24/16
48.72,48.35,48.84,47.58,,05/23/16
48.9,48.72,49.39,48.07,,05/20/16
48.67,48.81,48.88,47.38,,05/19/16
49.36,48.93,49.85,48.45,,05/18/16
49.03,49.28,49.75,48.57,,05/17/16
47.8,48.97,49.47,47.77,,05/16/16
47.85,47.83,48.12,47.26,,05/13/16
47.32,48.08,48.19,46.8,,05/12/16
45.59,47.6,47.75,44.8,,05/11/16
43.49,45.52,45.7,43.33,,05/10/16
45.75,43.63,46.48,43.43,,05/09/16
45.16,45.37,46.12,44.19,,05/06/16
45.08,45.01,46.77,44.65,,05/05/16
45.21,44.62,46.01,44.19,,05/04/16
45.8,44.97,46.4,44.62,,05/03/16
47.37,45.83,47.4,45.72,,05/02/16
47.9,47.37,48.5,47.41,,04/29/16
47.1,48.14,48.19,46.74,,04/28/16
46.26,47.18,47.45,45.63,,04/27/16
44.69,45.74,46.49,44.36,,04/26/16
45.13,44.48,45.59,44.26,,04/25/16
44.75,45.11,45.9,44.3,,04/22/16
45.54,44.53,46.18,44.44,,04/21/16
43.52,45.8,45.88,42.81,,04/20/16
43.14,44.03,44.5,42.6,,04/19/16
41.8,42.91,43.43,40.1,,04/18/16
43.8,43.1,44.05,42.28,,04/15/16
44.01,43.84,44.62,43.29,,04/14/16
44.44,44.18,44.94,43.76,,04/13/16
42.7,44.69,44.81,42.56,,04/12/16
42,42.83,43.06,41.41,,04/11/16
39.68,41.94,42.01,39.62,,04/08/16
39.9,39.43,40.29,38.7,,04/07/16
38.4,39.84,39.94,38.34,,04/06/16
37.5,37.87,38.44,37.27,,04/05/16
38.69,37.69,38.92,37.5,,04/04/16
40.14,38.67,40.43,38.55,,04/01/16
39.12,39.6,40,38.74,,03/31/16
39.42,39.26,40.61,39.09,,03/30/16
40.19,39.14,40.25,38.76,,03/29/16
40.58,40.27,41,39.64,,03/28/16
40.4,40.44,40.64,39.22,,03/24/16
41.56,40.47,41.82,40.42,,03/23/16
41.47,41.79,42.08,40.97,,03/22/16
41.31,41.54,41.88,40.48,,03/21/16
41.38,41.2,42.54,41.07,,03/18/16
40.45,41.54,41.6,40.41,,03/17/16
39.14,40.33,40.44,38.83,,03/16/16
39.67,38.74,39.74,38.32,,03/15/16
40.25,39.53,40.65,38.82,,03/14/16
40.33,40.39,41.03,40.02,,03/11/16
40.89,40.05,41.01,39.63,,03/10/16
39.65,41.07,41.18,39.39,,03/09/16
40.71,39.65,41.48,39.31,,03/08/16
38.88,40.84,41.04,38.87,,03/07/16
37.04,38.72,38.95,36.82,,03/04/16
37.05,37.07,37.37,36.35,,03/03/16
36.62,36.93,37.4,36.1,,03/02/16
36.6,36.81,37.25,35.95,,03/01/16
35.1,35.97,36.23,34.83,,02/29/16
35.1,35.1,37,34.73,,02/26/16
34.39,35.29,35.74,33.29,,02/25/16
32.98,34.41,34.67,32.37,,02/24/16
34.54,33.27,35.11,32.9,,02/23/16
33.25,34.69,34.97,32.85,,02/22/16
33.88,33.01,34.46,32.68,,02/19/16
34.91,34.28,35.73,33.79,,02/18/16
32.54,34.5,34.99,31.82,,02/17/16
34.51,32.18,35.55,31.92,,02/16/16
32.77,33.39,34.09,32.67,,02/15/16
31.31,33.36,33.44,30.85,,02/12/16
30.83,30.06,31.35,29.92,,02/11/16
30.95,30.84,31.9,30.35,,02/10/16
33.17,30.32,33.56,30.28,,02/09/16
33.99,32.88,34.68,32.77,,02/08/16
34.39,34.06,35.14,33.81,,02/05/16
35.32,34.46,35.84,34.15,,02/04/16
32.41,35.04,35.53,32.3,,02/03/16
34.18,32.72,34.18,32.23,,02/02/16
35.85,34.24,36.25,33.92,,02/01/16
34.08,35.99,35,33.59,,01/29/16
32.84,33.89,35.84,32.56,,01/28/16
31.2,33.1,33.49,30.83,,01/27/16
30.01,31.8,32.72,29.27,,01/26/16
32.1,30.5,32.81,30,,01/25/16
29.62,32.18,32.3,29.29,,01/22/16
27.99,29.25,29.84,27.29,,01/21/16
28.66,27.88,28.75,27.1,,01/20/16
28.7,28.76,30.24,28.6,,01/19/16
28.73,28.55,29.58,27.67,,01/18/16
31,28.94,31.02,28.82,,01/15/16
30.26,31.03,31.23,29.73,,01/14/16
30.82,30.31,31.92,29.96,,01/13/16
31.54,30.86,32.38,30.34,,01/12/16
33.34,31.55,33.38,31.17,,01/11/16
34.02,33.55,34.72,32.78,,01/08/16
34.52,33.75,34.74,32.16,,01/07/16
36.64,34.23,36.67,34.13,,01/06/16
37.27,36.42,37.57,36.24,,01/05/16
37.85,37.22,38.99,36.77,,01/04/16